1871,RC1,NA,hamra01,Ralph Ham,25,,25,25,0,0,0,0,7,2,19,0,0,19,,,
1871,RC1,NA,addybo01,Bob Addy,25,,25,25,0,0,0,22,0,3,0,0,0,0,,,
1871,CL1,NA,bassjo01,John Bass,22,,22,22,0,1,0,0,0,22,0,0,0,0,,,
1871,RC1,NA,birdge01,George Bird,25,,25,25,0,0,0,0,0,0,1,25,0,25,,,
1871,BS1,NA,conefr01,Fred Cone,19,,19,19,0,0,0,0,0,0,18,0,1,18,,,
1871,WS3,NA,hallge01,George Hall,32,,32,32,0,0,0,0,0,0,1,31,0,32,,,
1871,CH1,NA,kingma01,Marshall King,20,,20,20,0,9,0,0,1,3,1,10,0,11,,,
1871,TRO,NA,kingst01,Steve King,29,,29,29,0,0,0,0,0,0,29,0,0,29,,,
1871,RC1,NA,mackde01,Denny Mack,25,,25,25,3,0,24,0,0,1,1,0,0,1,,,
1871,TRO,NA,pikeli01,Lip Pike,28,,28,28,0,0,4,7,0,0,0,0,18,18,,,
1871,CH1,NA,woodji01,Jimmy Wood,28,,28,28,0,0,0,28,0,0,0,0,0,0,,,
1871,TRO,NA,yorkto01,Tom York,29,,29,29,0,0,0,0,0,0,0,29,0,29,,,
1871,TRO,NA,abercda01,Frank Abercrombie,1,,1,1,0,0,0,0,0,1,0,0,0,0,,,
1871,CL1,NA,allisar01,Art Allison,29,,29,29,0,0,0,2,0,0,0,29,0,29,,,
1871,WS3,NA,allisdo01,Doug Allison,27,,27,27,0,27,0,0,0,0,0,0,0,0,,,
1871,RC1,NA,ansonca01,Cap Anson,25,,25,25,0,5,1,2,20,0,1,0,0,1,,,
1871,FW1,NA,armstbo01,Robert Armstrong,12,,12,12,0,0,0,0,0,0,0,11,1,12,,,
1871,RC1,NA,barkeal01,Al Barker,1,,1,1,0,0,0,0,0,0,1,0,0,1,,,
1871,BS1,NA,barnero01,Ross Barnes,31,,31,31,0,0,0,16,0,15,0,0,0,0,,,
1871,FW1,NA,barrebi01,Bill Barrett,1,,1,1,0,1,0,0,1,0,0,0,0,0,,,
1871,BS1,NA,barrofr01,Frank Barrows,18,,18,18,0,0,0,1,0,0,13,0,4,17,,,
1871,CL1,NA,battijo01,Joe Battin,1,,1,1,0,0,0,0,0,0,0,0,1,1,,,
1871,WS3,NA,bealsto01,Tommy Beals,10,,10,10,0,0,0,2,0,0,4,0,4,8,,,
1871,TRO,NA,beaveed01,Edward Beavens,3,,3,3,0,0,0,3,0,0,0,0,0,0,,,
1871,PH1,NA,bechtge01,George Bechtel,20,,20,20,3,0,0,0,3,0,1,3,11,15,,,
1871,TRO,NA,bellast01,Steve Bellan,29,,29,29,0,0,0,0,28,1,0,0,0,0,,,
1871,PH1,NA,berkena01,Nate Berkenstock,1,,1,1,0,0,0,0,0,0,0,0,1,1,,,
1871,PH1,NA,berryto01,Tom Berry,1,,1,1,0,0,0,0,0,0,0,0,1,1,,,
1871,WS3,NA,berthha01,Harry Berthrong,17,,17,17,0,1,0,5,0,0,11,1,0,12,,,
1871,FW1,NA,biermch01,Charles Bierman,1,,1,1,0,0,1,0,0,0,0,0,0,0,,,
1871,BS1,NA,birdsda01,Dave Birdsall,29,,29,29,0,7,0,0,0,0,0,0,27,27,,,
1871,WS3,NA,brainas01,Asa Brainard,30,,30,30,30,0,0,0,0,0,0,0,0,0,,,
1871,CH1,NA,brannmi01,Mike Brannock,3,,3,3,0,0,0,0,3,0,0,0,0,0,,,
1871,WS3,NA,burrohe01,Henry Burroughs,12,,12,12,0,0,0,1,5,0,4,0,4,8,,,
1871,FW1,NA,careyto01,Tom Carey,19,,19,19,0,0,0,19,0,0,0,0,0,0,,,
1871,CL1,NA,carleji01,Jim Carleton,29,,29,29,0,0,29,0,0,0,0,0,0,0,,,
1871,TRO,NA,connone01,Ned Connor,7,,7,7,0,0,4,0,0,0,0,0,3,3,,,
1871,TRO,NA,cravebi01,Bill Craver,27,,27,27,0,3,2,18,0,4,0,0,1,1,,,
1871,PH1,NA,cuthbne01,Ned Cuthbert,28,,28,28,0,1,0,0,0,0,27,0,0,27,,,
1871,FW1,NA,deaneha01,Harry Deane,6,,6,6,0,0,0,0,0,0,6,0,0,6,,,
1871,FW1,NA,donnepe01,Pete Donnelly,9,,9,9,0,0,0,0,2,0,2,1,6,9,,,
1871,CH1,NA,duffyed01,Ed Duffy,26,,26,26,0,0,0,0,1,26,0,0,0,0,,,
1871,NY2,NA,eggleda01,Dave Eggler,33,,33,33,0,0,0,0,0,0,0,33,0,33,,,
1871,CL1,NA,ewellge01,George Ewell,1,,1,1,0,0,0,0,0,0,0,0,1,1,,,
1871,NY2,NA,fergubo01,Bob Ferguson,33,,33,33,1,5,0,11,20,0,0,0,0,0,,,
1871,RC1,NA,fishech01,Cherokee Fisher,25,,25,25,24,0,2,1,0,0,0,0,0,0,,,
1871,PH1,NA,fislewe01,Wes Fisler,28,,28,28,0,0,26,2,0,0,0,0,0,0,,,
1871,NY2,NA,fleetfr01,Frank Fleet,1,,1,1,1,0,0,0,0,0,0,0,0,0,,,
1871,TRO,NA,flowedi01,Dickie Flowers,21,,21,21,1,0,0,1,0,20,0,0,0,0,,,
1871,TRO,NA,flynncl01,Clipper Flynn,29,,29,29,0,0,19,1,1,0,0,0,8,8,,,
1871,CH1,NA,foleyto01,Tom Foley,18,,18,18,0,4,0,0,1,0,2,9,5,16,,,
1871,FW1,NA,foranji01,Jim Foran,19,,19,19,0,0,16,0,0,0,3,1,0,4,,,
1871,WS3,NA,forceda01,Davy Force,32,,32,32,0,0,0,0,1,31,0,0,0,0,,,
1871,RC1,NA,fulmech01,Chick Fulmer,16,,16,16,0,0,1,0,0,16,0,0,0,0,,,
1871,WS3,NA,glennjo01,John Glenn,26,,26,26,0,0,0,0,0,0,1,0,25,26,,,
1871,FW1,NA,goldswa01,Wally Goldsmith,19,,19,19,0,2,0,0,8,14,0,0,0,0,,,
1871,BS1,NA,gouldch01,Charlie Gould,31,,31,31,0,0,30,0,0,0,0,0,1,1,,,
1871,FW1,NA,halliji01,Jimmy Hallinan,5,,5,5,0,0,0,0,0,5,0,0,0,0,,,
1871,RC1,NA,hastisc01,Scott Hastings,25,,25,25,0,23,1,2,0,0,2,1,0,2,,,
1871,NY2,NA,hatfijo01,John Hatfield,33,,33,33,0,0,0,7,2,0,24,0,0,24,,,
1871,PH1,NA,heubege01,George Heubel,17,,17,17,0,0,1,0,0,0,0,0,16,16,,,
1871,NY2,NA,highadi01,Dick Higham,21,,21,21,0,1,0,12,0,0,0,0,8,8,,,
1871,CH1,NA,hodesch01,Charlie Hodes,28,,28,28,0,20,0,0,10,1,0,3,1,4,,,
1871,BS1,NA,jackssa01,Sam Jackson,16,,16,16,0,0,0,14,0,1,0,1,0,1,,,
1871,CL1,NA,johnsca01,Caleb Johnson,16,,16,16,0,0,0,10,0,0,0,0,6,6,,,
1871,FW1,NA,kellybi01,Bill Kelly,18,,18,18,0,0,0,0,0,0,1,4,14,18,,,
1871,CL1,NA,kimbage01,Gene Kimball,29,,29,29,0,0,0,17,2,6,2,1,7,9,,,
1871,FW1,NA,kohlehe01,Henry Kohler,3,,3,3,0,2,2,0,1,0,0,0,0,0,,,
1871,FW1,NA,lennobi01,Bill Lennon,12,,12,12,0,12,0,0,0,2,0,0,1,1,,,
1871,WS3,NA,leonaan01,Andy Leonard,31,,31,31,0,0,0,19,0,1,11,0,0,11,,,
1871,PH1,NA,malonfe01,Fergy Malone,27,,27,27,0,27,0,0,0,0,0,0,0,0,,,
1871,FW1,NA,mathebo01,Bobby Mathews,19,,19,19,19,0,0,0,0,0,0,0,0,0,,,
1871,CH1,NA,mcatebu01,Bub McAtee,26,,26,26,0,0,26,0,0,0,0,0,0,0,,,
1871,PH1,NA,mcbridi01,Dick McBride,25,,25,25,25,0,0,0,0,0,0,0,0,0,,,
1871,FW1,NA,mcderjo01,James McDermott,2,,2,2,0,0,0,0,0,0,0,2,0,2,,,
1871,TRO,NA,mcgeami01,Mike McGeary,29,,29,29,0,26,0,0,0,3,0,0,0,0,,,
1871,TRO,NA,mcmuljo01,John McMullin,29,,29,29,29,0,0,0,0,1,0,0,0,0,,,
1871,BS1,NA,mcveyca01,Cal McVey,29,,29,29,0,29,0,0,1,0,0,0,5,5,,,
1871,PH1,NA,meyerle01,Levi Meyerle,26,,26,26,1,0,0,0,26,0,0,0,0,0,,,
1871,NY2,NA,millsch01,Charlie Mills,32,,32,32,0,29,0,0,1,0,0,0,4,4,,,
1871,WS3,NA,millsev01,Everett Mills,32,,32,32,0,0,32,0,0,0,0,0,0,0,,,
1871,FW1,NA,minched01,Ed Mincher,9,,9,9,0,0,0,0,0,0,9,0,0,9,,,
1871,WS3,NA,nortofr01,Frank Norton,1,,1,1,0,0,0,0,1,0,0,0,1,1,,,
1871,CL1,NA,paborch01,Charlie Pabor,29,,29,29,7,0,0,0,0,0,28,0,0,28,,,
1871,NY2,NA,patteda01,Tom Patterson,32,,32,32,0,0,0,2,0,0,9,0,22,31,,,
1871,NY2,NA,pearcdi01,Dickey Pearce,33,,33,33,0,0,0,0,0,33,0,0,0,0,,,
1871,FW1,NA,phelpne01,Nealy Phelps,1,,1,1,0,0,1,0,0,0,0,0,0,0,,,
1871,CH1,NA,pinkhed01,Ed Pinkham,24,,24,24,3,0,0,0,18,0,0,0,8,8,,,
1871,CL1,NA,prattal01,Al Pratt,29,,29,29,28,0,0,0,0,0,5,0,2,7,,,
1871,PH1,NA,prattto01,Tom Pratt,1,,1,1,0,0,1,0,0,0,0,0,0,0,,,
1871,CL1,NA,questjo01,Joe Quest,3,,3,3,0,0,0,2,0,1,0,0,0,0,,,
1871,FW1,NA,quinnpa02,Paddy Quinn,5,,5,5,0,5,0,0,0,0,0,0,0,0,,,
1871,PH1,NA,radcljo01,John Radcliff,28,,28,28,0,0,0,0,0,28,0,0,0,0,,,
1871,PH1,NA,reachal01,Al Reach,26,,26,26,0,0,0,26,0,0,0,0,0,0,,,
1871,RC1,NA,sagerpo01,Pony Sager,8,,8,8,0,0,0,0,0,4,4,0,0,4,,,
1871,BS1,NA,schafha01,Harry Schafer,31,,31,31,0,0,0,0,31,0,0,0,0,0,,,
1871,FW1,NA,selmafr01,Frank Sellman,14,,14,14,0,5,0,0,14,2,0,0,0,0,,,
1871,PH1,NA,senseco01,Count Sensenderfer,25,,25,25,0,0,0,0,0,0,0,25,0,25,,,
1871,CH1,NA,simmojo01,Joe Simmons,27,,27,27,0,0,2,0,0,0,0,9,17,25,,,
1871,NY2,NA,smithch01,Charlie Smith,14,,14,14,0,0,0,3,12,0,0,0,0,0,,,
1871,BS1,NA,spaldal01,Al Spalding,31,,31,31,31,0,0,0,0,0,0,9,0,9,,,
1871,NY2,NA,startjo01,Joe Start,33,,33,33,0,0,33,0,0,0,0,0,0,0,,,
1871,WS3,NA,stearbi01,Bill Stearns,2,,2,2,2,0,0,0,0,0,0,0,0,0,,,
1871,RC1,NA,stirega01,Gat Stires,25,,25,25,0,0,0,0,0,0,0,0,25,25,,,
1871,CL1,NA,suttoez01,Ezra Sutton,29,,29,29,0,1,0,0,29,0,0,1,1,2,,,
1871,WS3,NA,sweasch01,Charlie Sweasy,5,,5,5,0,0,0,5,0,0,0,0,0,0,,,
1871,CH1,NA,treacfr01,Fred Treacey,25,,25,25,0,0,0,0,0,0,25,0,0,25,,,
1871,WS3,NA,waterfr01,Fred Waterman,32,,32,32,0,6,0,0,28,0,0,0,0,0,,,
1871,CL1,NA,whitede01,Deacon White,29,,29,29,0,29,0,1,1,2,0,0,1,1,,,
1871,CL1,NA,whiteel01,Elmer White,15,,15,15,0,3,0,0,0,0,0,0,15,15,,,
1871,WS3,NA,whitewa01,Warren White,1,,1,1,0,0,0,1,0,0,0,0,0,0,,,
1871,NY2,NA,woltery01,Rynie Wolters,32,,32,32,32,0,0,0,1,0,0,0,0,0,,,
1871,BS1,NA,wrighge01,George Wright,16,,16,16,0,0,1,0,0,15,0,0,0,0,,,
1871,BS1,NA,wrighha01,Harry Wright,31,,31,31,9,0,0,0,0,1,0,30,0,30,,,
1871,CH1,NA,zettlge01,George Zettlein,28,,28,28,28,0,0,0,0,0,0,0,3,3,,,
