1881,BSN,NL,foxjo01,John Fox,30,,30,30,17,0,6,0,0,0,0,0,12,12,,,
1881,BSN,NL,bondto01,Tommy Bond,3,,3,3,3,0,0,0,0,0,0,0,0,0,,,
1881,CHN,NL,gorege01,George Gore,73,,73,73,0,0,1,0,1,0,0,72,0,72,,,
1881,WOR,NL,pikeli01,Lip Pike,5,,5,5,0,0,0,0,0,0,0,5,0,5,,,
1881,BFN,NL,roweja01,Jack Rowe,64,,64,64,0,46,0,0,7,7,0,1,4,5,,,
1881,DTN,NL,troyda01,Dasher Troy,11,,11,11,0,0,0,4,7,0,0,0,0,0,,,
1881,PRO,NL,wardjo01,Monte Ward,85,,85,85,39,0,0,0,0,13,0,4,36,40,,,
1881,DTN,NL,wisesa01,Sam Wise,1,,1,1,0,0,0,0,1,0,0,0,0,0,,,
1881,DTN,NL,woodge01,George Wood,80,,80,80,0,0,0,0,0,0,80,0,0,80,,,
1881,PRO,NL,yorkto01,Tom York,85,,85,85,0,0,0,0,0,0,85,0,0,85,,,
1881,CHN,NL,ansonca01,Cap Anson,84,,84,84,0,2,84,0,0,1,0,0,0,0,,,
1881,BSN,NL,barnero01,Ross Barnes,69,,69,69,0,0,0,7,0,63,0,0,0,0,,,
1881,DTN,NL,bennech01,Charlie Bennett,76,,76,76,0,70,0,0,5,0,1,2,0,3,,,
1881,DTN,NL,bradlge01,George Bradley,1,,1,1,0,0,0,0,0,1,0,0,0,0,,,
1881,CL2,NL,bradlge01,George Bradley,60,,60,60,6,0,0,0,48,6,1,0,0,1,,,
1881,BFN,NL,broutda01,Dan Brouthers,65,,65,65,0,0,30,0,0,0,33,0,2,35,,,
1881,PRO,NL,brownle01,Lew Brown,18,,18,18,0,0,5,0,0,0,0,0,13,13,,,
1881,DTN,NL,brownle01,Lew Brown,27,,27,27,0,0,27,0,0,0,0,0,0,0,,,
1881,BSN,NL,burdoja01,Jack Burdock,73,,73,73,0,0,0,72,0,1,0,0,0,0,,,
1881,CHN,NL,burnsto01,Tom Burns,84,,84,84,0,0,0,3,3,80,0,0,0,0,,,
1881,WOR,NL,bushodo01,Doc Bushong,76,,76,76,0,76,0,0,0,0,0,0,0,0,,,
1881,WOR,NL,carpehi01,Hick Carpenter,83,,83,83,0,0,0,0,83,0,0,0,0,0,,,
1881,TRN,NL,caskied01,Ed Caskin,63,,63,63,0,0,0,0,0,63,0,0,0,0,,,
1881,TRN,NL,cassijo01,John Cassidy,85,,85,85,0,0,0,0,0,1,0,84,0,84,,,
1881,CL2,NL,clappjo01,John Clapp,68,,68,68,0,48,0,0,0,0,15,6,0,21,,,
1881,TRN,NL,connoro01,Roger Connor,85,,85,85,0,0,85,0,0,0,0,0,0,0,,,
1881,CHN,NL,corcola01,Larry Corcoran,47,,47,47,45,0,0,0,0,2,1,0,0,1,,,
1881,WOR,NL,coreyfr01,Fred Corey,51,,51,51,23,0,0,0,0,7,1,0,24,25,,,
1881,WOR,NL,creamge01,George Creamer,80,,80,80,0,0,0,80,0,0,0,0,0,0,,,
1881,BSN,NL,crowlbi01,Bill Crowley,72,,72,72,0,0,0,0,0,0,0,47,26,72,,,
1881,CHN,NL,dalryab01,Abner Dalrymple,82,,82,82,0,0,0,0,0,0,82,0,0,82,,,
1881,BSN,NL,deaslpa01,Pat Deasley,43,,43,43,0,28,2,0,0,7,0,2,6,7,,,
1881,PRO,NL,dennyje01,Jerry Denny,85,,85,85,0,0,0,0,85,0,0,0,0,0,,,
1881,DTN,NL,derbyge01,George Derby,59,,59,59,56,0,0,0,0,0,2,2,0,4,,,
1881,WOR,NL,dickebu01,Buttercup Dickerson,80,,80,80,0,0,0,0,0,0,79,0,1,80,,,
1881,WOR,NL,dorgami01,Mike Dorgan,51,,51,51,0,0,26,0,0,2,0,0,23,23,,,
1881,DTN,NL,dorgami01,Mike Dorgan,8,,8,8,0,0,1,0,2,0,0,4,1,5,,,
1881,CL2,NL,doschhe01,Herm Doscher,5,,5,5,0,0,0,0,5,0,0,0,0,0,,,
1881,CL2,NL,dunlafr01,Fred Dunlap,80,,80,80,0,0,0,79,1,0,0,0,0,0,,,
1881,TRN,NL,evansja01,Jake Evans,83,,83,83,0,0,0,0,0,0,0,0,83,83,,,
1881,TRN,NL,ewingbu01,Buck Ewing,67,,67,67,0,44,0,0,1,22,2,0,0,2,,,
1881,PRO,NL,farreja02,Jack Farrell,84,,84,84,0,0,0,82,0,0,0,3,0,3,,,
1881,TRN,NL,fergubo01,Bob Ferguson,85,,85,85,0,0,0,85,0,0,0,0,0,0,,,
1881,WOR,NL,flahema01,Martin Flaherty,1,,1,1,0,0,0,0,0,0,1,1,0,1,,,
1881,CHN,NL,flintsi01,Silver Flint,80,,80,80,0,80,1,0,0,0,0,0,8,8,,,
1881,BFN,NL,foleycu01,Curry Foley,83,,83,83,10,0,27,0,0,0,3,4,50,55,,,
1881,DTN,NL,foleywi01,Will Foley,5,,5,5,0,0,0,0,5,0,0,0,0,0,,,
1881,BFN,NL,forceda01,Davy Force,75,,75,75,0,0,0,51,1,21,0,0,3,3,,,
1881,BFN,NL,galvipu01,Pud Galvin,62,,62,62,56,0,0,0,0,1,6,0,8,14,,,
1881,DTN,NL,gerhajo01,Joe Gerhardt,80,,80,80,0,0,0,79,1,0,0,0,0,0,,,
1881,TRN,NL,gillepe01,Patrick Gillespie,84,,84,84,0,0,0,0,0,0,84,0,0,84,,,
1881,PRO,NL,gilliba01,Barney Gilligan,46,,46,46,0,36,0,0,0,10,0,1,0,1,,,
1881,CL2,NL,glassja01,Jack Glasscock,85,,85,85,0,0,0,6,0,79,0,0,0,0,,,
1881,CHN,NL,goldsfr01,Fred Goldsmith,42,,42,42,39,0,0,0,0,0,0,1,2,3,,,
1881,PRO,NL,grossem01,Emil Gross,51,,51,51,0,50,0,0,0,0,0,0,1,1,,,
1881,TRN,NL,hankifr01,Frank Hankinson,85,,85,85,0,0,0,0,84,1,0,0,0,0,,,
1881,DTN,NL,hanlone01,Ned Hanlon,76,,76,76,0,0,0,0,0,2,2,72,0,74,,,
1881,PRO,NL,hinespa01,Paul Hines,80,,80,80,0,0,1,4,0,0,0,78,0,78,,,
1881,TRN,NL,holbebi01,Bill Holbert,46,,46,46,0,43,0,0,0,0,0,0,3,3,,,
1881,BSN,NL,hornujo01,Joe Hornung,83,,83,83,0,0,0,0,0,0,83,1,0,83,,,
1881,WOR,NL,hotalpe01,Pete Hotaling,77,,77,77,0,3,0,0,0,0,2,72,1,74,,,
1881,DTN,NL,houcksa01,Sadie Houck,75,,75,75,0,0,0,0,0,75,0,0,0,0,,,
1881,WOR,NL,irwinar01,Arthur Irwin,50,,50,50,0,0,0,0,0,50,0,0,0,0,,,
1881,TRN,NL,keefeti01,Tim Keefe,46,,46,46,45,0,0,0,0,0,0,1,0,1,,,
1881,CHN,NL,kellyki01,King Kelly,82,,82,82,0,11,0,0,8,0,0,0,72,72,,,
1881,CL2,NL,kemmlru01,Rudy Kemmler,1,,1,1,0,1,0,0,0,0,0,0,0,0,,,
1881,CL2,NL,kennedo01,Doc Kennedy,39,,39,39,0,35,0,0,1,0,2,1,0,3,,,
1881,DTN,NL,knighlo01,Lon Knight,83,,83,83,0,0,1,1,0,0,0,0,82,82,,,
1881,DTN,NL,learyja01,Jack Leary,3,,3,3,2,0,0,0,0,0,0,1,1,2,,,
1881,BSN,NL,lewisfr01,Fred Lewis,27,,27,27,0,0,0,0,0,0,0,3,24,27,,,
1881,BFN,NL,lynchja01,Jack Lynch,23,,23,23,20,0,0,0,0,0,0,0,6,6,,,
1881,BFN,NL,mannija01,Jack Manning,1,,1,1,0,0,0,0,0,0,1,0,0,1,,,
1881,PRO,NL,mathebo01,Bobby Mathews,16,,16,16,14,0,0,0,0,0,0,0,5,5,,,
1881,BSN,NL,mathebo01,Bobby Mathews,19,,19,19,5,0,0,0,0,0,1,9,9,18,,,
1881,PRO,NL,mcclebi01,Bill McClellan,68,,68,68,0,0,0,1,0,50,0,1,16,17,,,
1881,WOR,NL,mccorha01,Harry McCormick,12,,12,12,9,0,0,0,0,0,0,0,3,3,,,
1881,CL2,NL,mccorji01,Jim McCormick,70,,70,70,59,0,0,1,1,0,2,8,0,10,,,
1881,CL2,NL,mcgeami01,Mike McGeary,11,,11,11,0,0,0,0,11,0,0,0,0,0,,,
1881,BSN,NL,morrijo01,John Morrill,81,,81,81,3,0,74,4,2,0,0,0,0,0,,,
1881,BFN,NL,morrijo02,John Morrissey,12,,12,12,0,0,0,0,12,0,0,0,0,0,,,
1881,DTN,NL,mountfr01,Frank Mountain,7,,7,7,7,0,0,0,0,0,0,0,0,0,,,
1881,CL2,NL,moynami01,Mike Moynahan,33,,33,33,0,0,0,0,1,0,32,0,0,32,,,
1881,DTN,NL,moynami01,Mike Moynahan,1,,1,1,0,0,0,0,1,0,0,0,0,0,,,
1881,DTN,NL,mullato01,Tony Mullane,5,,5,5,5,0,0,0,0,0,0,0,0,0,,,
1881,PRO,NL,myershe01,Henry Myers,1,,1,1,0,0,0,0,0,1,0,0,0,0,,,
1881,WOR,NL,nelsoca01,Candy Nelson,24,,24,24,0,0,0,0,0,24,0,0,0,0,,,
1881,CHN,NL,nicolhu01,Hugh Nicol,26,,26,26,0,0,0,0,0,1,2,12,12,26,,,
1881,CL2,NL,nolanth01,The Only Nolan,41,,41,41,22,0,0,0,6,0,6,9,0,14,,,
1881,DTN,NL,olearda01,Dan O'Leary,2,,2,2,0,0,0,0,0,0,0,2,0,2,,,
1881,BFN,NL,orourji01,Jim O'Rourke,83,,83,83,0,8,1,0,56,3,18,0,0,18,,,
1881,BFN,NL,peterjo01,John Peters,54,,54,54,0,0,0,0,0,53,0,0,1,1,,,
1881,CL2,NL,phillbi01,Bill Phillips,85,,85,85,0,0,85,0,0,0,0,0,0,0,,,
1881,CHN,NL,piercan01,Andy Piercy,2,,2,2,0,0,0,1,1,0,0,0,0,0,,,
1881,DTN,NL,powelma01,Martin Powell,55,,55,55,0,1,55,0,0,0,0,0,0,0,,,
1881,CL2,NL,powerph01,Phil Powers,5,,5,5,0,4,0,0,1,0,0,0,0,0,,,
1881,CL2,NL,purcebl01,Blondie Purcell,20,,20,20,0,0,0,0,0,0,7,13,0,20,,,
1881,BFN,NL,purcebl01,Blondie Purcell,30,,30,30,9,0,0,0,0,0,25,0,0,25,,,
1881,CHN,NL,questjo01,Joe Quest,78,,78,78,0,0,0,77,0,1,0,0,0,0,,,
1881,WOR,NL,quinnjo01,Joseph Quinn,2,,2,2,0,2,0,0,0,0,0,0,0,0,,,
1881,BSN,NL,quinnjo01,Joseph Quinn,1,,1,1,0,0,1,0,0,0,0,0,0,0,,,
1881,PRO,NL,radboch01,Old Hoss Radbourn,72,,72,72,41,0,0,0,0,13,0,1,24,25,,,
1881,WOR,NL,reillch01,Charlie Reilley,2,,2,2,0,2,0,0,0,0,0,0,0,0,,,
1881,DTN,NL,reillch01,Charlie Reilley,19,,19,19,0,10,1,0,3,3,1,1,2,4,,,
1881,CL2,NL,remseja01,Jack Remsen,48,,48,48,0,0,0,0,0,0,0,48,0,48,,,
1881,BFN,NL,richaha01,Hardy Richardson,83,,83,83,0,0,0,5,1,1,0,79,0,79,,,
1881,BSN,NL,richmjo01,John Richmond,27,,27,27,0,0,0,0,0,2,0,24,1,25,,,
1881,WOR,NL,richmle01,Lee Richmond,61,,61,61,53,0,0,0,0,0,0,2,9,11,,,
1881,CL2,NL,shaffor01,Orator Shafer,85,,85,85,0,0,0,0,0,0,0,0,85,85,,,
1881,CL2,NL,smithpo01,Pop Smith,10,,10,10,0,0,0,0,10,0,0,0,0,0,,,
1881,BFN,NL,smithpo01,Pop Smith,3,,3,3,0,0,0,3,0,0,0,0,0,0,,,
1881,WOR,NL,smithpo01,Pop Smith,11,,11,11,0,0,0,3,0,0,1,4,3,8,,,
1881,BSN,NL,snydepo01,Pop Snyder,62,,62,62,0,60,0,1,0,1,0,0,1,1,,,
1881,PRO,NL,startjo01,Joe Start,79,,79,79,0,0,79,0,0,0,0,0,0,0,,,
1881,DTN,NL,stearec01,Dan Stearns,3,,3,3,0,0,0,0,0,3,0,0,0,0,,,
1881,WOR,NL,stoveha01,Harry Stovey,75,,75,75,0,0,57,0,0,0,1,0,17,18,,,
1881,WOR,NL,stratas01,Asa Stratton,1,,1,1,0,0,0,0,0,1,0,0,0,0,,,
1881,BFN,NL,sullisl01,Sleeper Sullivan,35,,35,35,0,31,0,0,0,0,0,2,4,5,,,
1881,BSN,NL,suttoez01,Ezra Sutton,83,,83,83,0,0,0,0,81,2,0,0,0,0,,,
1881,BFN,NL,swarted01,Ed Swartwood,1,,1,1,0,0,0,0,0,0,0,0,1,1,,,
1881,DTN,NL,taylobi01,Billy Taylor,1,,1,1,0,0,0,0,1,0,0,0,0,0,,,
1881,CL2,NL,taylobi01,Billy Taylor,24,,24,24,1,0,0,0,1,0,23,0,0,23,,,
1881,WOR,NL,taylobi01,Billy Taylor,6,,6,6,1,0,0,0,0,0,0,0,5,5,,,
1881,DTN,NL,trottsa01,Sam Trott,6,,6,6,0,6,0,0,0,0,0,0,0,0,,,
1881,TRN,NL,welchmi01,Mickey Welch,40,,40,40,40,0,0,0,0,0,0,0,0,0,,,
1881,BFN,NL,whitede01,Deacon White,78,,78,78,0,4,26,25,7,0,2,0,15,17,,,
1881,DTN,NL,whitewi01,Will White,2,,2,2,2,0,0,0,0,0,0,0,0,0,,,
1881,DTN,NL,whitnar01,Art Whitney,58,,58,58,0,0,0,0,58,0,0,0,0,0,,,
1881,BSN,NL,whitnji01,Jim Whitney,75,,75,75,66,0,2,0,0,0,0,0,15,15,,,
1881,DTN,NL,wiedmst01,Stump Weidman,13,,13,13,13,0,0,0,0,0,0,0,0,0,,,
1881,CHN,NL,willine01,Ned Williamson,82,,82,82,3,1,0,4,76,2,0,0,0,0,,,
1881,BSN,NL,wrighge01,George Wright,7,,7,7,0,0,0,0,0,7,0,0,0,0,,,
1881,BSN,NL,wrighsa01,Sam Wright,1,,1,1,0,0,0,0,0,1,0,0,0,0,,,
