1884,BL2,AA,akejo01,John Ake,13,,13,13,0,0,0,0,9,1,2,0,1,3,,,
1884,DTN,NL,coxfr01,Frank Cox,27,,27,27,0,0,0,0,0,27,0,0,0,0,,,
1884,PT1,AA,deeji01,Jim Dee,12,,12,12,0,0,0,0,0,12,0,0,0,0,,,
1884,BSU,UA,dowcl01,Clarence Dow,1,,1,1,0,0,0,0,0,0,0,1,0,1,,,
1884,BFN,NL,elybo01,Bones Ely,1,,1,1,1,0,0,0,0,0,0,0,1,1,,,
1884,PHU,UA,fishe01,John Fischer,10,,10,10,8,0,2,0,0,0,0,0,0,0,,,
1884,PT1,AA,foxjo01,John Fox,8,,8,8,7,0,0,0,0,1,0,0,0,0,,,
1884,WSU,UA,frank01,,1,,1,1,0,0,0,0,0,0,0,1,0,1,,,
1884,WS7,AA,jones02,,4,,4,4,0,0,0,0,0,0,4,0,0,4,,,
1884,WSU,UA,joypo01,Pop Joy,36,,36,36,0,0,36,0,0,0,0,0,0,0,,,
1884,WSU,UA,larki01,,17,,17,17,0,0,0,0,17,0,0,0,0,0,,,
1884,CHN,NL,leeto01,Tom Lee,6,,6,6,5,0,0,0,0,1,0,0,0,0,,,
1884,BLU,UA,leeto01,Tom Lee,21,,21,21,15,0,0,0,3,1,0,3,3,6,,,
1884,WSU,UA,mcrem01,,1,,1,1,0,0,0,0,0,0,0,0,1,1,,,
1884,BSU,UA,murph01,,1,,1,1,0,1,0,0,0,0,1,0,0,1,,,
1884,NY4,AA,orrda01,Dave Orr,110,,110,110,0,0,110,0,0,0,0,0,3,3,,,
1884,CHU,UA,richa01,,1,,1,1,0,0,0,1,0,0,0,0,0,0,,,
1884,KCU,UA,sayji01,Jimmy Say,2,,2,2,0,0,0,0,2,0,0,0,0,0,,,
1884,WIL,UA,sayji01,Jimmy Say,16,,16,16,0,0,0,0,16,0,0,0,0,0,,,
1884,BLU,UA,saylo01,Lou Say,78,,78,78,0,0,0,0,0,78,0,0,0,0,,,
1884,KCU,UA,saylo01,Lou Say,17,,17,17,0,0,0,1,0,16,0,0,0,0,,,
1884,BLU,UA,scott01,,13,,13,13,0,0,0,0,1,0,0,0,13,13,,,
1884,BLU,UA,smith01,,1,,1,1,1,0,0,0,0,0,0,0,1,1,,,
1884,WSU,UA,wiley01,Joseph Wiley,1,,1,1,0,0,0,0,1,0,0,0,0,0,,,
1884,KCU,UA,wills01,,5,,5,5,0,0,0,0,0,0,0,5,0,5,,,
1884,WS7,AA,wills01,,4,,4,4,0,0,0,0,0,0,1,3,0,4,,,
1884,IN2,AA,barrbo01,Bob Barr,18,,18,18,16,0,0,0,0,0,0,1,1,2,,,
1884,WS7,AA,barrbo01,Bob Barr,39,,39,39,32,0,2,0,0,0,1,4,0,5,,,
1884,BLU,UA,beckfr01,Frank Beck,5,,5,5,2,0,0,0,0,0,0,0,4,4,,,
1884,PT1,AA,beckfr01,Frank Beck,3,,3,3,3,0,0,0,0,0,0,0,0,0,,,
1884,IN2,AA,bondto01,Tommy Bond,7,,7,7,5,0,0,0,0,0,0,1,1,2,,,
1884,BSU,UA,bondto01,Tommy Bond,37,,37,37,23,0,0,0,1,0,0,0,17,17,,,
1884,KCU,UA,cadych01,Charlie Cady,2,,2,2,0,1,0,1,0,0,0,0,0,0,,,
1884,CHU,UA,cadych01,Charlie Cady,6,,6,6,4,0,0,0,0,0,0,2,0,2,,,
1884,PHI,NL,cookpa01,Paul Cook,3,,3,3,0,3,0,0,0,0,0,0,0,0,,,
1884,BLU,UA,cuffjo01,John Cuff,3,,3,3,0,3,0,0,0,0,0,0,0,0,,,
1884,PHU,UA,dalyto01,Tom Daly,2,,2,2,0,2,0,0,0,0,0,0,0,0,,,
1884,WSU,UA,drewda01,Dave Drew,13,,13,13,0,0,5,0,0,8,0,1,0,1,,,
1884,PHU,UA,drewda01,Dave Drew,2,,2,2,1,0,0,1,0,1,0,0,0,0,,,
1884,SPU,UA,dunnst01,Steve Dunn,9,,9,9,0,0,9,0,1,0,0,0,0,0,,,
1884,PT1,AA,edench01,Charlie Eden,32,,32,32,2,0,0,0,0,0,0,31,0,31,,,
1884,RIC,AA,forded01,Ed Ford,2,,2,2,0,0,1,0,0,1,0,0,0,0,,,
1884,PHU,UA,geerbi01,Billy Geer,9,,9,9,0,0,0,0,0,9,0,0,0,0,,,
1884,BR3,AA,geerbi01,Billy Geer,107,,107,107,2,0,0,2,0,107,0,0,0,0,,,
1884,DTN,NL,geisbi01,Bill Geiss,75,,75,75,1,0,1,73,0,0,0,0,1,1,,,
1884,CHN,NL,gorege01,George Gore,103,,103,103,0,0,0,0,0,0,0,103,1,103,,,
1884,PT1,AA,grayji01,Jim Gray,1,,1,1,0,0,0,0,1,0,0,0,0,0,,,
1884,TL1,AA,kented01,Ed Kent,1,,1,1,1,0,0,0,0,0,0,0,0,0,,,
1884,WS7,AA,kingsa01,Sam King,12,,12,12,0,0,12,0,0,0,0,0,0,0,,,
1884,TL1,AA,lanech01,Chappy Lane,57,,57,57,0,1,46,0,2,0,5,0,4,9,,,
1884,DTN,NL,lowedi01,Dick Lowe,1,,1,1,0,1,0,0,0,0,0,0,0,0,,,
1884,PHU,UA,luffhe01,Henry Luff,26,,26,26,0,0,6,3,5,0,11,0,1,12,,,
1884,KCU,UA,luffhe01,Henry Luff,5,,5,5,0,0,0,0,4,0,3,1,1,4,,,
1884,CL5,AA,mannfr01,Fred Mann,99,,99,99,0,0,0,2,0,0,0,97,0,97,,,
1884,PHU,UA,maulal01,Al Maul,1,,1,1,1,0,0,0,0,0,0,0,0,0,,,
1884,BLU,UA,morrie01,James Morris,1,,1,1,1,0,0,0,0,0,0,1,0,1,,,
1884,WSU,UA,morrip01,Pete Morris,1,,1,1,0,0,0,0,0,1,0,0,0,0,,,
1884,RIC,AA,nashbi01,Billy Nash,45,,45,45,0,0,0,0,45,0,0,0,0,0,,,
1884,PRO,NL,navasa01,Sandy Nava,34,,34,34,0,27,0,1,0,6,0,0,0,0,,,
1884,WSU,UA,nuszem01,William Nusz,1,,1,1,0,0,0,0,0,0,1,0,0,1,,,
1884,TL1,AA,odayha01,Hank O'Day,64,,64,64,41,0,3,0,3,0,17,2,5,22,,,
1884,WS7,AA,olinfr01,Frank Olin,21,,21,21,0,0,0,12,0,0,1,7,3,11,,,
1884,WSU,UA,olinfr01,Frank Olin,1,,1,1,0,0,0,0,0,0,1,0,0,1,,,
1884,TL1,AA,olinfr01,Frank Olin,26,,26,26,0,0,0,0,0,0,26,0,0,26,,,
1884,BSU,UA,peakel01,Elias Peak,1,,1,1,0,0,0,0,0,0,0,0,1,1,,,
1884,PHU,UA,peakel01,Elias Peak,54,,54,54,0,0,0,47,0,2,4,0,1,5,,,
1884,PHI,NL,pylesh01,Shadow Pyle,1,,1,1,1,0,0,0,0,0,0,0,0,0,,,
1884,PT1,AA,reidbi01,Billy Reid,19,,19,19,0,0,0,1,1,0,17,0,0,17,,,
1884,SLU,UA,roweda01,Dave Rowe,109,,109,109,1,0,2,2,0,14,0,92,0,92,,,
1884,BFN,NL,roweja01,Jack Rowe,93,,93,93,0,65,0,0,0,6,17,12,1,30,,,
1884,BLU,UA,ryanjo02,John Ryan,7,,7,7,6,0,0,0,0,0,0,1,1,2,,,
1884,WSU,UA,ryanjo03,Dan Sheehan,7,,7,7,0,0,0,0,1,0,2,3,2,7,,,
1884,WIL,UA,ryanjo03,Dan Sheehan,2,,2,2,0,0,0,0,0,0,1,1,0,2,,,
1884,BSU,UA,shawdu01,Dupee Shaw,44,,44,44,39,0,0,0,0,0,0,2,7,9,,,
1884,DTN,NL,shawdu01,Dupee Shaw,36,,36,36,28,0,0,0,0,0,0,0,10,10,,,
1884,CHU,UA,suckto01,Tony Suck,53,,53,53,0,28,0,0,1,15,1,10,1,12,,,
1884,BLU,UA,suckto01,Tony Suck,3,,3,3,0,3,0,0,0,0,0,0,0,0,,,
1884,RIC,AA,swanan01,Andy Swan,3,,3,3,0,0,3,0,0,0,0,0,0,0,,,
1884,WS7,AA,swanan01,Andy Swan,5,,5,5,0,0,3,0,2,0,0,0,0,0,,,
1884,IN2,AA,trayji01,Jim Tray,6,,6,6,0,4,2,0,0,0,0,0,0,0,,,
1884,NY4,AA,troyda01,Dasher Troy,107,,107,107,0,0,0,107,0,0,0,0,0,0,,,
1884,KCU,UA,vossal01,Alex Voss,14,,14,14,7,0,0,0,0,0,5,3,0,8,,,
1884,WSU,UA,vossal01,Alex Voss,63,,63,63,27,0,15,0,16,1,0,7,6,13,,,
1884,NY1,NL,wardjo01,Monte Ward,113,,113,113,9,0,0,47,0,0,0,59,0,59,,,
1884,WSU,UA,wardjo02,John Ward,1,,1,1,0,0,0,0,0,0,0,1,0,1,,,
1884,CN2,AA,westbu01,Buck West,33,,33,33,0,0,0,0,0,0,0,33,0,33,,,
1884,WSU,UA,wisebi01,Bill Wise,85,,85,85,50,0,1,0,8,2,1,16,26,43,,,
1884,BSN,NL,wisesa01,Sam Wise,114,,114,114,0,0,0,7,0,107,0,0,0,0,,,
1884,LS2,AA,wolfji01,Chicken Wolf,110,,110,110,0,11,1,0,1,1,0,1,101,101,,,
1884,DTN,NL,woodfr01,Fred Wood,12,,12,12,0,7,0,0,0,1,0,0,6,6,,,
1884,DTN,NL,woodge01,George Wood,114,,114,114,0,0,0,0,1,0,114,0,1,114,,,
1884,BL2,AA,yorkto01,Tom York,83,,83,83,0,0,0,0,0,0,68,0,15,83,,,
1884,WSU,UA,albergu01,Gus Alberts,4,,4,4,0,0,0,0,0,4,0,0,0,0,,,
1884,PT1,AA,albergu01,Gus Alberts,2,,2,2,0,0,0,0,0,2,0,0,0,0,,,
1884,KCU,UA,alexani01,Nin Alexander,19,,19,19,0,17,0,0,0,2,0,2,0,2,,,
1884,SL4,AA,alexani01,Nin Alexander,1,,1,1,0,1,0,0,0,0,0,1,0,1,,,
1884,PHI,NL,allenhe01,Hezekiah Allen,1,,1,1,0,1,0,0,0,0,0,0,0,0,,,
1884,PHI,NL,andreed01,Ed Andrews,109,,109,109,0,0,0,109,0,0,0,0,0,0,,,
1884,LS2,AA,andrewa01,Wally Andrews,14,,14,14,0,0,9,0,3,1,1,0,0,1,,,
1884,CHN,NL,andrufr01,Fred Andrus,1,,1,1,1,0,0,0,0,0,0,0,0,0,,,
1884,BSN,NL,annisbi01,Bill Annis,27,,27,27,0,0,0,0,0,0,4,15,8,27,,,
1884,CHN,NL,ansonca01,Cap Anson,112,,112,112,1,3,112,0,0,1,0,0,0,0,,,
1884,CL2,NL,ardnejo01,Joe Ardner,26,,26,26,0,0,0,25,1,0,0,0,0,0,,,
1884,PRO,NL,arundha01,Harry Arundel,1,,1,1,1,0,0,0,0,0,0,0,0,0,,,
1884,TL1,AA,arundtu01,Tug Arundel,15,,15,15,0,15,0,0,0,0,0,0,0,0,,,
1884,BLU,UA,atkinal01,Al Atkinson,8,,8,8,8,0,0,0,0,0,0,0,0,0,,,
1884,PH4,AA,atkinal01,Al Atkinson,22,,22,22,22,0,0,0,0,0,0,1,1,2,,,
1884,CHU,UA,atkinal01,Al Atkinson,19,,19,19,16,0,0,0,0,0,2,0,1,3,,,
1884,IN2,AA,aydelja01,Jake Aydelott,12,,12,12,12,0,0,0,0,0,0,1,0,1,,,
1884,BLU,UA,bahrefr01,Frank Bahret,2,,2,2,0,0,0,0,0,0,0,1,1,2,,,
1884,PHU,UA,bakelje01,Jersey Bakley,45,,45,45,39,0,3,0,0,1,0,0,3,3,,,
1884,KCU,UA,bakelje01,Jersey Bakley,6,,6,6,5,0,0,0,0,0,0,1,2,3,,,
1884,WIL,UA,bakelje01,Jersey Bakley,2,,2,2,2,0,0,0,0,0,0,0,0,0,,,
1884,CHU,UA,bakerch01,Charlie Baker,15,,15,15,0,0,0,1,0,3,0,0,11,11,,,
1884,SLU,UA,bakerge01,George Baker,80,,80,80,0,68,0,4,3,2,2,1,2,4,,,
1884,WSU,UA,bakerph01,Phil Baker,86,,86,86,0,27,39,0,0,0,0,32,0,32,,,
1884,KCU,UA,baldwki01,Kid Baldwin,50,,50,50,0,44,0,1,1,0,8,2,0,10,,,
1884,CHU,UA,baldwki01,Kid Baldwin,1,,1,1,0,1,0,0,0,0,0,0,0,0,,,
1884,MLU,UA,baldwla01,Lady Baldwin,7,,7,7,2,0,0,0,0,0,0,5,0,5,,,
1884,CNU,UA,barbech01,Charlie Barber,55,,55,55,0,0,0,0,55,0,0,0,0,0,,,
1884,TL1,AA,barklsa01,Sam Barkley,104,,104,104,0,2,0,103,0,0,0,0,0,0,,,
1884,SPU,UA,barnebi01,Bill Barnes,8,,8,8,0,0,0,0,0,0,0,8,0,8,,,
1884,IN2,AA,barrema01,Marty Barrett,5,,5,5,0,4,0,0,0,0,0,0,1,1,,,
1884,BSN,NL,barrema01,Marty Barrett,3,,3,3,0,3,0,0,0,0,0,0,0,0,,,
1884,PRO,NL,bassech01,Charley Bassett,27,,27,27,0,0,0,1,13,7,1,1,0,2,,,
1884,WIL,UA,bastich01,Charlie Bastian,17,,17,17,1,0,0,16,0,1,0,0,0,0,,,
1884,KCU,UA,bastich01,Charlie Bastian,11,,11,11,0,0,0,11,0,0,0,0,0,0,,,
1884,PT1,AA,battijo01,Joe Battin,43,,43,43,0,0,0,0,43,0,0,0,0,0,,,
1884,CHU,UA,battijo01,Joe Battin,18,,18,18,0,0,0,0,18,0,0,0,0,0,,,
1884,BLU,UA,battijo01,Joe Battin,17,,17,17,0,0,0,0,17,0,0,0,0,0,,,
1884,CL5,AA,baueral01,Al Bauer,3,,3,3,3,0,0,0,0,0,0,0,0,0,,,
1884,WS7,AA,beachja01,Jack Beach,8,,8,8,0,0,0,0,0,0,1,0,7,8,,,
1884,DTN,NL,beatlda01,Dave Beadle,1,,1,1,0,1,0,0,0,0,1,0,1,1,,,
1884,NY4,AA,becanbu01,Buck Becannon,1,,1,1,1,0,0,0,0,0,0,0,0,0,,,
1884,NY1,NL,begleed01,Ed Bagley,33,,33,33,31,0,0,0,0,0,0,0,2,2,,,
1884,MLU,UA,behelst01,Steve Behel,9,,9,9,0,0,0,0,0,0,9,0,0,9,,,
1884,DTN,NL,bennech01,Charlie Bennett,90,,90,90,0,80,1,1,1,4,1,0,4,5,,,
1884,BR3,AA,benneik01,Ike Benners,49,,49,49,0,0,0,0,0,0,49,0,0,49,,,
1884,WIL,UA,benneik01,Ike Benners,6,,6,6,0,0,0,0,0,0,0,3,3,6,,,
1884,CN2,AA,berkefr01,Frank Berkelbach,6,,6,6,0,0,0,0,0,0,6,0,0,6,,,
1884,KCU,UA,berrych01,Charlie Berry,29,,29,29,0,0,0,22,1,0,1,7,0,8,,,
1884,ALT,UA,berrych01,Charlie Berry,7,,7,7,0,0,0,7,0,0,0,0,0,0,,,
1884,CHU,UA,berrych01,Charlie Berry,7,,7,7,0,0,0,7,0,0,0,0,0,0,,,
1884,MLU,UA,bignege01,George Bignell,4,,4,4,0,4,0,0,0,0,0,0,0,0,,,
1884,PH4,AA,birchju01,Jud Birchall,54,,54,54,0,0,0,0,2,0,51,0,1,52,,,
1884,CHU,UA,bishofr01,Frank Bishop,4,,4,4,0,0,0,0,3,1,0,0,0,0,,,
1884,KCU,UA,blackbo01,Bob Black,38,,38,38,16,0,0,6,0,1,5,7,7,19,,,
1884,KCU,UA,blaisdi01,Dick Blaisdell,4,,4,4,3,0,0,0,0,0,0,0,1,1,,,
1884,IN2,AA,blakibo01,Bob Blakiston,6,,6,6,0,0,5,0,0,0,0,0,2,1,,,
1884,PH4,AA,blakibo01,Bob Blakiston,32,,32,32,0,0,1,1,2,1,0,27,1,28,,,
1884,SLU,UA,boylehe01,Henry Boyle,65,,65,65,19,0,1,1,4,1,40,2,2,43,,,
1884,WSU,UA,bradlal01,Al Bradley,1,,1,1,0,0,0,0,0,0,0,1,0,1,,,
1884,CNU,UA,bradlge01,George Bradley,58,,58,58,41,0,2,0,0,5,4,4,8,16,,,
1884,NY4,AA,bradyst01,Steve Brady,112,,112,112,0,0,5,1,0,0,0,0,110,110,,,
1884,SLU,UA,brennji01,Jack Brennan,56,,56,56,0,33,0,0,7,1,7,4,6,16,,,
1884,CHU,UA,briggch01,Charlie Briggs,49,,49,49,0,0,0,12,0,2,3,28,6,37,,,
1884,DTN,NL,brillfr01,Frank Brill,13,,13,13,12,0,0,0,0,0,1,0,0,1,,,
1884,CNU,UA,briodfa01,Fatty Briody,22,,22,22,0,22,0,0,0,0,0,0,0,0,,,
1884,CL2,NL,briodfa01,Fatty Briody,43,,43,43,0,42,0,0,0,0,0,0,1,1,,,
1884,MLU,UA,brougca01,Cal Broughton,11,,11,11,0,7,0,0,0,0,1,4,0,5,,,
1884,BFN,NL,broutda01,Dan Brouthers,94,,94,94,0,0,93,0,1,0,0,0,0,0,,,
1884,TL1,AA,browned01,Ed Brown,42,,42,42,1,1,0,0,40,0,2,0,0,2,,,
1884,NY1,NL,brownji01,Jim Brown,1,,1,1,1,0,0,0,0,0,0,0,0,0,,,
1884,ALT,UA,brownji01,Jim Brown,21,,21,21,11,0,0,0,0,0,2,4,8,14,,,
1884,SPU,UA,brownji01,Jim Brown,6,,6,6,6,0,1,0,0,0,0,0,1,1,,,
1884,CHN,NL,brownjo01,Joe Brown,15,,15,15,7,1,1,0,0,0,0,1,9,9,,,
1884,BSU,UA,brownle01,Lew Brown,85,,85,85,1,54,33,0,0,0,0,0,2,2,,,
1884,LS2,AA,brownpe01,Pete Browning,103,,103,103,1,0,23,4,52,0,1,23,0,24,,,
1884,CL5,AA,brownto01,Tom Brown,107,,107,107,4,0,0,0,0,0,0,0,107,107,,,
1884,BSN,NL,buffich01,Charlie Buffinton,87,,87,87,67,0,11,0,0,0,0,13,1,13,,,
1884,DTN,NL,bukerha01,Henry Buker,30,,30,30,0,0,0,0,0,19,0,0,11,11,,,
1884,TL1,AA,bullasi01,Sim Bullas,13,,13,13,0,12,0,0,0,0,2,0,0,2,,,
1884,CL2,NL,burcher01,Ernie Burch,32,,32,32,0,0,0,0,0,0,23,0,9,32,,,
1884,BSN,NL,burdoja01,Jack Burdock,87,,87,87,0,0,0,87,1,0,0,0,0,0,,,
1884,BSU,UA,burkeja01,James Burke,47,,47,47,38,0,0,0,0,0,0,0,13,13,,,
1884,CNU,UA,burnsdi01,Dick Burns,79,,79,79,40,0,0,0,0,2,6,33,7,44,,,
1884,BL2,AA,burnsoy01,Oyster Burns,35,,35,35,2,0,0,10,1,0,0,0,24,24,,,
1884,WIL,UA,burnsoy01,Oyster Burns,2,,2,2,0,0,0,0,0,2,0,0,0,0,,,
1884,BL2,AA,burnspa01,John Burns,6,,6,6,0,0,6,0,0,0,0,0,0,0,,,
1884,BLU,UA,burnspa01,John Burns,1,,1,1,0,0,1,0,0,0,0,0,0,0,,,
1884,CHN,NL,burnsto01,Tom Burns,83,,83,83,0,0,0,0,3,80,0,0,0,0,,,
1884,CL2,NL,bushodo01,Doc Bushong,62,,62,62,0,62,0,0,0,0,0,1,0,1,,,
1884,IN2,AA,butlebi01,Bill Butler,9,,9,9,0,0,0,0,0,0,1,1,7,9,,,
1884,BSU,UA,butleki01,Kid Butler,71,,71,71,0,0,0,12,2,6,37,7,9,53,,,
1884,CL5,AA,cahiljo01,John Cahill,59,,59,59,2,0,0,0,0,5,56,0,0,56,,,
1884,SLU,UA,callaed01,Ed Callahan,1,,1,1,0,0,0,0,0,0,1,0,0,1,,,
1884,BSU,UA,callaed01,Ed Callahan,4,,4,4,0,0,0,0,0,0,1,0,3,4,,,
1884,KCU,UA,callaed01,Ed Callahan,3,,3,3,0,0,0,0,0,3,0,0,0,0,,,
1884,IN2,AA,callapa01,Pat Callaghan,61,,61,61,0,0,0,0,61,0,0,0,0,0,,,
1884,CN2,AA,carpehi01,Hick Carpenter,108,,108,108,0,0,0,0,108,0,0,0,1,1,,,
1884,WSU,UA,carroch01,,4,,4,4,0,0,0,0,0,0,4,0,0,4,,,
1884,PRO,NL,carrocl01,Cliff Carroll,113,,113,113,0,0,0,0,0,0,113,0,0,113,,,
1884,CL5,AA,carrofr01,Fred Carroll,69,,69,69,0,54,0,0,0,0,12,2,1,15,,,
1884,PHU,UA,carropa01,Pat Carroll,5,,5,5,0,5,0,0,0,0,0,0,0,0,,,
1884,ALT,UA,carropa01,Pat Carroll,11,,11,11,0,8,0,0,0,0,0,0,3,3,,,
1884,SPU,UA,carrosc01,Scrappy Carroll,9,,9,9,0,0,0,0,2,0,0,0,8,8,,,
1884,SL4,AA,carutbo01,Bob Caruthers,23,,23,23,13,0,0,0,0,0,0,0,16,16,,,
1884,WIL,UA,caseyda01,Dan Casey,2,,2,2,2,0,0,0,0,0,0,0,0,0,,,
1884,BL2,AA,caseyde01,Dennis Casey,37,,37,37,0,0,0,0,0,0,0,37,0,37,,,
1884,WIL,UA,caseyde01,Dennis Casey,2,,2,2,0,0,0,0,0,0,0,2,0,2,,,
1884,NY1,NL,caskied01,Ed Caskin,100,,100,100,0,6,0,0,0,96,0,0,0,0,,,
1884,BR3,AA,cassijo01,John Cassidy,106,,106,106,0,0,0,0,4,1,0,0,101,101,,,
1884,PRO,NL,cattajo01,John Cattanach,1,,1,1,1,0,0,0,0,0,0,0,1,1,,,
1884,SLU,UA,cattajo01,John Cattanach,2,,2,2,2,0,0,0,0,0,0,0,0,0,,,
1884,KCU,UA,chattji01,Jim Chatterton,4,,4,4,1,0,2,0,0,0,0,0,2,2,,,
1884,CHN,NL,clarkjo01,John Clarkson,21,,21,21,14,0,1,0,2,0,0,0,8,8,,,
1884,PHU,UA,clemeja01,Jack Clements,41,,41,41,0,20,0,0,0,1,5,0,17,22,,,
1884,PHI,NL,clemeja01,Jack Clements,9,,9,9,0,9,0,0,0,0,0,0,0,0,,,
1884,CNU,UA,cleveel01,Elmer Cleveland,29,,29,29,0,0,0,0,29,0,0,0,0,0,,,
1884,LS2,AA,clinemo01,Monk Cline,94,,94,94,0,0,0,0,0,6,8,81,3,90,,,
1884,BL2,AA,clintji01,Jim Clinton,104,,104,104,0,0,0,1,0,0,37,67,0,104,,,
1884,PHI,NL,colemjo01,John Coleman,43,,43,43,21,0,2,0,0,0,3,19,5,27,,,
1884,PH4,AA,colemjo01,John Coleman,28,,28,28,3,0,2,0,0,0,11,13,0,24,,,
1884,PT1,AA,colgaed01,Ed Colgan,48,,48,48,0,44,0,0,0,0,2,0,2,4,,,
1884,IN2,AA,collich01,Chub Collins,38,,38,38,0,0,0,38,0,0,0,0,0,0,,,
1884,BFN,NL,collich01,Chub Collins,45,,45,45,0,0,0,42,0,3,0,0,0,0,,,
1884,SL4,AA,comisch01,Charlie Comiskey,108,,108,108,1,0,108,1,0,0,0,0,0,0,,,
1884,PRO,NL,conleed01,Ed Conley,8,,8,8,8,0,0,0,0,0,0,0,0,0,,,
1884,KCU,UA,connojo01,Joe Connors,3,,3,3,2,0,0,0,0,0,0,2,0,2,,,
1884,ALT,UA,connojo01,Joe Connors,3,,3,3,1,0,0,0,1,0,0,1,0,1,,,
1884,BSN,NL,connojo02,John Connor,7,,7,7,7,0,0,0,0,0,0,0,0,0,,,
1884,NY1,NL,connoro01,Roger Connor,116,,116,116,0,0,0,67,12,0,0,37,0,37,,,
1884,PHI,NL,conwabi01,Bill Conway,1,,1,1,0,1,0,0,0,0,0,0,0,0,,,
1884,BR3,AA,conwaji01,Jim Conway,14,,14,14,13,0,0,0,0,2,1,1,0,2,,,
1884,BR3,AA,corcoja01,Jack Corcoran,52,,52,52,1,38,0,4,0,2,4,2,3,9,,,
1884,CHN,NL,corcola01,Larry Corcoran,64,,64,64,60,0,0,0,0,2,0,0,4,4,,,
1884,CHN,NL,corcomi01,Mike Corcoran,1,,1,1,1,0,0,0,0,0,0,0,0,0,,,
1884,PH4,AA,coreyfr01,Fred Corey,104,,104,104,0,0,0,0,104,0,0,0,0,0,,,
1884,CN2,AA,corkhpo01,Pop Corkhill,110,,110,110,1,0,6,0,3,11,0,0,92,92,,,
1884,CHU,UA,corriph01,Phil Coridan,2,,2,2,0,0,0,2,0,0,1,0,0,1,,,
1884,BFN,NL,coughed01,Ed Coughlin,1,,1,1,1,0,0,0,0,0,0,0,1,1,,,
1884,BSU,UA,craneed01,Ed Crane,101,,101,101,4,42,5,0,0,0,18,0,39,57,,,
1884,CNU,UA,cranesa01,Sam Crane,80,,80,80,0,0,0,80,0,0,0,0,0,0,,,
1884,PT1,AA,creamge01,George Creamer,98,,98,98,0,0,0,98,0,0,0,0,0,0,,,
1884,WSU,UA,creegma01,Mark Creegan,9,,9,9,0,3,1,0,2,0,0,5,1,6,,,
1884,CHU,UA,cronida01,Dan Cronin,1,,1,1,0,0,0,1,0,0,0,0,0,0,,,
1884,SLU,UA,cronida01,Dan Cronin,1,,1,1,0,0,0,0,0,0,1,0,0,1,,,
1884,CHN,NL,crosbge01,George Crosby,3,,3,3,3,0,0,0,0,0,0,0,0,0,,,
1884,ALT,UA,crosscl01,Clarence Cross,2,,2,2,0,0,0,0,2,0,0,0,0,0,,,
1884,KCU,UA,crosscl01,Clarence Cross,25,,25,25,0,0,0,0,1,24,0,0,0,0,,,
1884,PHU,UA,crosscl01,Clarence Cross,2,,2,2,0,0,0,0,0,2,0,0,0,0,,,
1884,KCU,UA,crothdo01,Doug Crothers,4,,4,4,3,0,0,0,0,0,0,1,0,1,,,
1884,CNU,UA,crottjo01,Joe Crotty,21,,21,21,0,21,0,0,0,0,0,0,0,0,,,
1884,BSN,NL,crowlbi01,Bill Crowley,108,,108,108,0,0,0,0,0,0,0,2,107,108,,,
1884,PHI,NL,crowljo01,John Crowley,48,,48,48,0,48,0,0,0,0,0,0,0,0,,,
1884,KCU,UA,cudwoji01,Jim Cudworth,32,,32,32,2,0,19,0,0,0,0,12,0,12,,,
1884,WIL,UA,cullejo01,John Cullen,9,,9,9,0,0,0,0,0,3,4,0,2,6,,,
1884,RIC,AA,currywe01,Wes Curry,2,,2,2,2,0,0,0,0,0,0,0,0,0,,,
1884,MLU,UA,cushmed01,Ed Cushman,4,,4,4,4,0,0,0,0,0,0,0,0,0,,,
1884,PHI,NL,cusicto01,Andy Cusick,9,,9,9,0,9,0,0,0,0,0,0,0,0,,,
1884,WIL,UA,cusicto01,Andy Cusick,11,,11,11,0,6,0,1,1,3,1,1,1,3,,,
1884,BLU,UA,cuthbne01,Ned Cuthbert,44,,44,44,0,0,0,0,0,0,0,44,0,44,,,
1884,CHU,UA,dailyhu01,Hugh Daily,58,,58,58,56,0,0,2,0,1,2,0,0,2,,,
1884,WSU,UA,dailyhu01,Hugh Daily,2,,2,2,2,0,0,0,0,0,0,0,0,0,,,
1884,ALT,UA,daisege01,George Daisy,1,,1,1,0,0,0,0,0,0,1,0,0,1,,,
1884,CHN,NL,dalryab01,Abner Dalrymple,111,,111,111,0,0,0,0,0,0,111,0,0,111,,,
1884,BSU,UA,daniech01,Charlie Daniels,3,,3,3,2,0,0,0,0,0,0,0,1,1,,,
1884,SL4,AA,davisda01,Daisy Davis,25,,25,25,25,0,0,0,0,0,0,2,2,4,,,
1884,BSN,NL,davisda01,Daisy Davis,4,,4,4,4,0,0,0,0,0,0,1,0,1,,,
1884,KCU,UA,davisju01,Jumbo Davis,7,,7,7,0,0,0,0,7,0,0,0,0,0,,,
1884,LS2,AA,deaglre01,Ren Deagle,12,,12,12,12,0,0,0,0,0,0,1,2,3,,,
1884,CN2,AA,deaglre01,Ren Deagle,4,,4,4,4,0,0,0,0,0,0,0,0,0,,,
1884,SPU,UA,dealypa01,Pat Dealy,5,,5,5,0,4,0,0,0,0,0,0,1,1,,,
1884,KCU,UA,deasljo01,John Deasley,13,,13,13,0,0,0,0,0,13,0,0,0,0,,,
1884,WSU,UA,deasljo01,John Deasley,31,,31,31,0,0,0,0,0,31,0,0,0,0,,,
1884,SL4,AA,deaslpa01,Pat Deasley,75,,75,75,0,75,1,0,0,0,1,0,1,2,,,
1884,IN2,AA,deckeha01,Harry Decker,4,,4,4,0,4,0,0,0,0,0,0,0,0,,,
1884,KCU,UA,deckeha01,Harry Decker,23,,23,23,0,11,0,0,0,0,6,4,6,16,,,
1884,PRO,NL,dennyje01,Jerry Denny,110,,110,110,0,1,9,3,99,0,0,0,0,0,,,
1884,PHI,NL,depanmi01,Mike DePangher,4,,4,4,0,4,0,0,0,0,0,0,0,0,,,
1884,SLU,UA,dickebu01,Buttercup Dickerson,46,,46,46,0,0,0,0,4,0,42,0,0,42,,,
1884,BL2,AA,dickebu01,Buttercup Dickerson,13,,13,13,0,0,0,0,1,0,0,0,12,12,,,
1884,LS2,AA,dickebu01,Buttercup Dickerson,8,,8,8,0,0,0,0,0,0,1,5,3,8,,,
1884,SL4,AA,dolanto01,Tom Dolan,35,,35,35,0,34,0,0,0,0,1,1,0,2,,,
1884,SLU,UA,dolanto01,Tom Dolan,19,,19,19,0,14,0,0,3,0,0,1,1,2,,,
1884,IN2,AA,donneji01,Jim Donnelly,40,,40,40,0,0,0,2,24,8,2,2,2,6,,,
1884,KCU,UA,donneji02,Jim Donnelly,6,,6,6,0,1,0,0,5,0,0,0,0,0,,,
1884,IN2,AA,dorgaje01,Jerry Dorgan,34,,34,34,0,5,0,0,0,0,0,0,29,29,,,
1884,BR3,AA,dorgaje01,Jerry Dorgan,4,,4,4,0,4,0,0,0,0,0,0,0,0,,,
1884,NY1,NL,dorgami01,Mike Dorgan,83,,83,83,14,6,0,3,0,0,2,2,60,64,,,
1884,BLU,UA,dorseje01,Jerry Dorsey,1,,1,1,1,0,0,0,0,0,0,0,1,1,,,
1884,ALT,UA,doughch01,Charlie Dougherty,23,,23,23,0,0,0,16,0,1,2,2,4,8,,,
1884,PT1,AA,doyleco01,Conny Doyle,15,,15,15,0,0,0,0,0,1,14,0,0,14,,,
1884,WS7,AA,drakely01,Lyman Drake,2,,2,2,0,0,0,0,0,0,0,0,2,2,,,
1884,LS2,AA,driscde01,Denny Driscoll,13,,13,13,13,0,0,0,0,0,1,1,0,2,,,
1884,RIC,AA,duganbi01,Bill Dugan,9,,9,9,0,9,0,0,0,0,0,0,0,0,,,
1884,KCU,UA,duganbi01,Bill Dugan,3,,3,3,0,0,0,0,0,0,1,2,0,3,,,
1884,RIC,AA,duganed01,Ed Dugan,22,,22,22,20,0,0,2,0,0,0,0,0,0,,,
1884,CL5,AA,dundoed01,Ed Dundon,26,,26,26,11,0,3,0,0,0,14,1,1,16,,,
1884,SLU,UA,dunlafr01,Fred Dunlap,101,,101,101,1,0,0,100,0,0,0,0,1,1,,,
1884,KCU,UA,dwighal01,Al Dwight,12,,12,12,0,10,0,1,0,0,0,1,0,1,,,
1884,PHU,UA,eastehe01,Henry Easterday,28,,28,28,0,0,0,0,0,28,0,0,0,0,,,
1884,BFN,NL,eggleda01,Dave Eggler,63,,63,63,0,0,0,0,0,0,2,61,0,63,,,
1884,KCU,UA,ellicjo01,Joe Ellick,2,,2,2,0,0,0,1,0,0,0,0,1,1,,,
1884,BLU,UA,ellicjo01,Joe Ellick,7,,7,7,0,0,0,0,0,6,0,0,1,1,,,
1884,CHU,UA,ellicjo01,Joe Ellick,92,,92,92,0,0,0,4,0,33,3,0,54,57,,,
1884,BL2,AA,emslibo01,Bob Emslie,51,,51,51,50,0,0,0,0,0,0,0,1,1,,,
1884,NY4,AA,esterdu01,Dude Esterbrook,112,,112,112,0,0,0,0,112,0,0,0,0,0,,,
1884,CL2,NL,evansja01,Jake Evans,80,,80,80,0,0,0,4,0,2,23,0,53,76,,,
1884,WSU,UA,eversto01,Tom Evers,109,,109,109,0,0,0,109,0,0,0,0,0,0,,,
1884,NY1,NL,ewingbu01,Buck Ewing,94,,94,94,1,80,0,0,1,3,3,1,8,12,,,
1884,CNU,UA,ewingjo01,John Ewing,1,,1,1,0,0,0,0,0,0,0,0,1,1,,,
1884,WSU,UA,ewingjo01,John Ewing,1,,1,1,0,0,0,0,0,0,0,1,0,1,,,
1884,PT1,AA,faatzja01,Jay Faatz,29,,29,29,0,0,29,0,0,0,0,0,0,0,,,
1884,MLU,UA,falchan01,Anton Falch,5,,5,5,0,2,0,0,0,0,3,0,0,3,,,
1884,WS7,AA,farleto01,Lawrence Farley,14,,14,14,0,0,0,0,0,0,14,0,0,14,,,
1884,PHI,NL,farrasi01,Sid Farrar,111,,111,111,0,0,111,0,0,0,0,0,0,0,,,
1884,PRO,NL,farreja02,Jack Farrell,111,,111,111,0,0,0,109,3,0,0,0,0,0,,,
1884,DTN,NL,farrejo01,Joe Farrell,110,,110,110,0,0,0,0,110,0,1,0,0,1,,,
1884,BR3,AA,farrojo01,John Farrow,16,,16,16,0,16,0,0,0,0,0,0,0,0,,,
1884,CN2,AA,fennefr01,Frank Fennelly,28,,28,28,0,0,0,0,0,28,0,0,0,0,,,
1884,WS7,AA,fennefr01,Frank Fennelly,62,,62,62,0,0,0,4,0,60,0,0,0,0,,,
1884,PT1,AA,fergubo01,Bob Ferguson,10,,10,10,0,0,3,0,1,0,0,1,5,6,,,
1884,PHI,NL,ferguch01,Charlie Ferguson,52,,52,52,50,0,0,0,0,0,1,3,1,5,,,
1884,CL5,AA,fieldji01,Jim Field,105,,105,105,0,0,105,0,0,0,0,0,0,0,,,
1884,RIC,AA,firthte01,John Firth,1,,1,1,1,0,0,0,0,0,0,0,0,0,,,
1884,KCU,UA,fishech02,Charlie Fisher,10,,10,10,0,0,0,0,9,1,0,0,0,0,,,
1884,CHU,UA,fishech02,Charlie Fisher,1,,1,1,0,0,0,0,1,0,0,0,0,0,,,
1884,CL2,NL,fishege01,George Fisher,6,,6,6,0,1,0,6,0,0,0,0,0,0,,,
1884,WIL,UA,fishege01,George Fisher,8,,8,8,0,0,0,0,0,2,0,6,1,6,,,
1884,CHN,NL,flintsi01,Silver Flint,73,,73,73,0,73,0,0,0,0,0,0,0,0,,,
1884,PHU,UA,flynnjo01,Joe Flynn,52,,52,52,0,10,1,0,0,1,2,0,41,43,,,
1884,BSU,UA,flynnjo01,Joe Flynn,9,,9,9,0,7,1,0,0,0,1,2,2,4,,,
1884,PHI,NL,fogarji01,Jim Fogarty,97,,97,97,1,0,0,4,14,3,0,72,6,78,,,
1884,CHU,UA,foleywi01,Will Foley,19,,19,19,0,0,0,0,19,0,0,0,0,0,,,
1884,BFN,NL,forceda01,Davy Force,106,,106,106,0,0,0,1,0,105,0,0,0,0,,,
1884,KCU,UA,foremfr01,Frank Foreman,1,,1,1,1,0,0,0,0,0,0,0,0,0,,,
1884,CHU,UA,foremfr01,Frank Foreman,3,,3,3,3,0,0,0,0,0,1,1,0,2,,,
1884,PT1,AA,forstto01,Tom Forster,35,,35,35,0,0,0,1,6,28,0,0,0,0,,,
1884,NY4,AA,forstto01,Tom Forster,0,,0,0,0,0,0,0,0,0,0,0,0,0,,,
1884,PH4,AA,fostero02,Robert Foster,4,,4,4,0,4,0,0,0,0,0,0,1,1,,,
1884,PHU,UA,fostero02,Robert Foster,1,,1,1,0,1,0,0,0,0,0,0,0,0,,,
1884,SL4,AA,foutzda01,Dave Foutz,33,,33,33,25,0,0,0,0,0,0,3,11,14,,,
1884,IN2,AA,friespe01,Pete Fries,1,,1,1,0,0,0,0,0,0,0,0,1,1,,,
1884,CN2,AA,fulmech01,Chick Fulmer,31,,31,31,0,0,0,0,1,29,0,1,1,2,,,
1884,SL4,AA,fulmech01,Chick Fulmer,1,,1,1,0,0,0,1,0,0,0,0,0,0,,,
1884,WSU,UA,fulmech02,Chris Fulmer,48,,48,48,0,34,5,0,0,0,0,7,9,16,,,
1884,BLU,UA,fusseed01,Eddie Fusselback,68,,68,68,0,54,0,0,6,5,1,2,1,4,,,
1884,WSU,UA,gagusch01,Charlie Geggus,44,,44,44,23,0,0,1,0,3,0,17,4,21,,,
1884,PHU,UA,gallabi01,Bill Gallagher,3,,3,3,3,0,0,0,0,0,0,0,0,0,,,
1884,SPU,UA,galvilo01,Lou Galvin,3,,3,3,3,0,0,0,0,0,0,0,0,0,,,
1884,BFN,NL,galvipu01,Pud Galvin,72,,72,72,72,0,0,0,0,0,1,0,0,1,,,
1884,SPU,UA,ganzech01,Charlie Ganzel,7,,7,7,0,6,0,0,0,0,0,1,0,1,,,
1884,WS7,AA,gardnal01,Alex Gardner,1,,1,1,0,1,0,0,0,0,0,0,0,0,,,
1884,BLU,UA,gardngi01,Gid Gardner,1,,1,1,0,0,0,0,0,1,0,0,0,0,,,
1884,CHU,UA,gardngi01,Gid Gardner,38,,38,38,1,0,0,1,8,0,15,0,14,29,,,
1884,BL2,AA,gardngi01,Gid Gardner,41,,41,41,0,0,2,0,0,0,1,0,39,40,,,
1884,DTN,NL,gastfed01,Ed Gastfield,23,,23,23,0,19,2,0,0,0,0,0,2,2,,,
1884,LS2,AA,gerhajo01,Joe Gerhardt,106,,106,106,0,0,0,106,0,0,0,0,0,0,,,
1884,DTN,NL,getzich01,Pretzels Getzien,17,,17,17,17,0,0,0,0,0,0,0,0,0,,,
1884,NY1,NL,gillepe01,Patrick Gillespie,101,,101,101,0,0,0,0,0,0,100,0,1,101,,,
1884,PHU,UA,gilleto01,Tom Gillen,29,,29,29,0,27,0,0,0,0,1,0,0,3,,,
1884,PRO,NL,gilliba01,Barney Gilligan,82,,82,82,0,81,1,0,1,0,0,0,0,0,,,
1884,CL2,NL,gilmapi01,Pit Gilman,2,,2,2,0,0,0,0,0,0,2,0,0,2,,,
1884,WS7,AA,gladmbu01,Buck Gladmon,56,,56,56,0,0,0,0,53,1,0,0,2,2,,,
1884,CNU,UA,glassja01,Jack Glasscock,38,,38,38,0,0,0,2,0,36,0,0,0,0,,,
1884,CL2,NL,glassja01,Jack Glasscock,72,,72,72,2,0,0,3,0,69,0,0,0,0,,,
1884,SL4,AA,gleasbi01,Bill Gleason,110,,110,110,0,0,0,0,1,110,0,0,0,0,,,
1884,SLU,UA,gleasja01,Jack Gleason,92,,92,92,0,0,0,0,92,0,0,0,0,0,,,
1884,RIC,AA,glenned01,Ed Glenn,43,,43,43,0,0,0,0,0,0,43,0,0,43,,,
1884,BL2,AA,goldsfr01,Fred Goldsmith,4,,4,4,4,0,1,0,0,0,0,0,0,0,,,
1884,CHN,NL,goldsfr01,Fred Goldsmith,22,,22,22,21,0,0,0,0,0,1,0,1,2,,,
1884,RIC,AA,goldswa02,Walt Goldsby,11,,11,11,0,0,0,0,0,0,2,6,3,11,,,
1884,SL4,AA,goldswa02,Walt Goldsby,5,,5,5,0,0,0,0,0,0,1,4,0,5,,,
1884,WS7,AA,goldswa02,Walt Goldsby,6,,6,6,0,0,0,0,0,0,1,3,2,6,,,
1884,PT1,AA,gormaja01,Jack Gorman,8,,8,8,3,0,0,0,2,0,0,1,2,3,,,
1884,KCU,UA,gormaja01,Jack Gorman,8,,8,8,0,0,0,0,4,0,4,0,0,4,,,
1884,KCU,UA,gormato04,Thomas Gorman,25,,25,25,0,0,24,0,0,0,1,0,0,1,,,
1884,ALT,UA,gradyjo01,John Grady,9,,9,9,0,0,8,0,0,0,0,1,0,1,,,
1884,BLU,UA,grahabe01,Bernie Graham,41,,41,41,0,0,1,0,0,0,0,25,15,40,,,
1884,CHU,UA,grahabe01,Bernie Graham,1,,1,1,0,0,0,0,0,0,1,0,0,1,,,
1884,BR3,AA,greenbi01,Bill Greenwood,92,,92,92,0,0,0,92,0,1,0,0,0,0,,,
1884,WSU,UA,greenji01,Jim Green,10,,10,10,0,0,0,0,9,0,0,0,1,1,,,
1884,NY1,NL,griffsa01,Sandy Griffin,16,,16,16,0,0,0,0,0,0,0,5,11,16,,,
1884,MLU,UA,griffth01,Thomas Griffin,11,,11,11,0,0,11,0,0,0,0,0,0,0,,,
1884,CHU,UA,grossem01,Emil Gross,23,,23,23,0,15,0,0,0,0,6,0,3,9,,,
1884,DTN,NL,guinebe01,Ben Guiney,2,,2,2,0,2,0,0,0,0,0,0,0,0,,,
1884,BSN,NL,gunnito01,Tom Gunning,12,,12,12,0,12,0,0,0,0,0,0,0,0,,,
1884,WSU,UA,gunsojo01,Joe Gunson,45,,45,45,0,33,0,0,0,0,0,10,9,18,,,
1884,BSN,NL,hackeme01,Mert Hackett,72,,72,72,0,71,0,0,1,0,0,0,0,0,,,
1884,BSU,UA,hackewa01,Walter Hackett,103,,103,103,0,0,0,0,0,103,0,0,0,0,,,
1884,BFN,NL,haganar01,Art Hagan,3,,3,3,3,0,0,0,0,0,0,0,0,0,,,
1884,WSU,UA,halpiji01,Jim Halpin,46,,46,46,0,0,0,0,7,39,0,0,0,0,,,
1884,WS7,AA,hamiljo01,John Hamill,21,,21,21,19,0,0,0,0,0,0,2,1,3,,,
1884,NY1,NL,hankifr01,Frank Hankinson,105,,105,105,0,0,0,0,105,0,0,1,0,1,,,
1884,DTN,NL,hanlone01,Ned Hanlon,114,,114,114,0,0,0,0,0,0,0,114,0,114,,,
1884,RIC,AA,hannajo01,John Hanna,22,,22,22,0,21,0,0,0,1,0,0,0,0,,,
1884,WS7,AA,hannajo01,John Hanna,23,,23,23,0,18,0,0,0,0,1,1,4,6,,,
1884,CNU,UA,harbibi01,Bill Harbridge,82,,82,82,0,0,2,0,0,3,0,41,39,80,,,
1884,PHI,NL,hardilo01,Lou Hardie,3,,3,3,0,3,0,0,0,0,0,0,0,0,,,
1884,CL2,NL,harkijo01,John Harkins,61,,61,61,46,0,0,0,1,1,4,3,10,17,,,
1884,ALT,UA,harrifr01,Frank Harris,24,,24,24,0,0,17,0,0,0,4,3,1,8,,,
1884,PT1,AA,hautzch01,Charlie Hautz,7,,7,7,0,0,5,0,0,0,0,2,0,2,,,
1884,CNU,UA,hawesbi01,Bill Hawes,79,,79,79,0,0,21,0,0,0,22,9,28,58,,,
1884,WS7,AA,hawketh01,Thorny Hawkes,38,,38,38,0,0,0,38,0,0,0,2,0,2,,,
1884,BR3,AA,hayesja01,Jackie Hayes,16,,16,16,0,14,0,0,0,0,1,1,0,2,,,
1884,PT1,AA,hayesja01,Jackie Hayes,33,,33,33,0,24,5,1,0,0,0,0,3,3,,,
1884,LS2,AA,heckegu01,Guy Hecker,78,,78,78,75,0,0,0,0,0,4,1,0,5,,,
1884,BL2,AA,hendeha01,Hardie Henderson,53,,53,53,52,0,0,0,0,0,1,0,2,3,,,
1884,CHU,UA,henglmo01,Moxie Hengel,19,,19,19,0,0,0,19,0,0,0,0,0,0,,,
1884,SPU,UA,henglmo01,Moxie Hengel,9,,9,9,0,0,0,9,0,0,0,0,0,0,,,
1884,CL2,NL,henryjo01,John Henry,9,,9,9,5,0,0,0,0,0,0,0,4,4,,,
1884,CHN,NL,hibbajo01,John Hibbard,2,,2,2,2,0,0,0,0,0,0,0,0,0,,,
1884,KCU,UA,hickmer01,Ernie Hickman,19,,19,19,17,0,0,0,1,0,1,2,0,3,,,
1884,PH4,AA,hilsech01,Charlie Hilsey,6,,6,6,3,0,0,0,0,0,1,2,0,3,,,
1884,BSN,NL,hinesmi01,Mike Hines,35,,35,35,0,35,0,0,0,0,0,0,0,0,,,
1884,PRO,NL,hinespa01,Paul Hines,114,,114,114,1,0,7,0,0,0,0,108,0,108,,,
1884,SLU,UA,hodnech01,Charlie Hodnett,18,,18,18,14,0,0,0,0,0,0,1,5,6,,,
1884,MLU,UA,hoganed02,Mortimer Hogan,11,,11,11,0,0,0,0,0,0,0,0,11,11,,,
1884,NY4,AA,holbebi01,Bill Holbert,65,,65,65,0,59,0,0,0,1,4,0,1,5,,,
1884,IN2,AA,holdsji01,Jim Holdsworth,5,,5,5,0,0,0,0,0,0,0,5,0,5,,,
1884,PHI,NL,hoovebu01,Buster Hoover,10,,10,10,0,0,0,0,0,0,6,4,0,10,,,
1884,PHU,UA,hoovebu01,Buster Hoover,63,,63,63,0,0,6,6,1,15,37,0,0,37,,,
1884,CHU,UA,horanjo01,Patrick Horan,20,,20,20,13,0,0,0,0,0,6,4,0,10,,,
1884,BSN,NL,hornujo01,Joe Hornung,115,,115,115,0,0,6,0,0,0,110,0,0,110,,,
1884,CL2,NL,hotalpe01,Pete Hotaling,102,,102,102,0,0,0,1,0,0,3,99,0,102,,,
1884,PH4,AA,houcksa01,Sadie Houck,108,,108,108,0,0,0,1,0,108,0,0,0,0,,,
1884,CHU,UA,housech01,Charlie Householder,83,,83,83,2,0,0,0,41,3,40,0,0,40,,,
1884,BR3,AA,housech02,Charlie Householder,76,,76,76,0,31,40,1,0,0,2,2,1,6,,,
1884,WSU,UA,hughebi01,Bill Hughes,14,,14,14,0,0,9,0,0,0,0,1,5,6,,,
1884,NY1,NL,humphjo01,John Humphries,20,,20,20,0,20,0,0,0,0,0,0,0,0,,,
1884,WS7,AA,humphjo01,John Humphries,49,,49,49,0,35,4,0,0,0,1,3,8,12,,,
1884,LS2,AA,huntebi01,Bill Hunter,2,,2,2,0,2,0,0,0,0,0,0,0,0,,,
1884,KCU,UA,hutchbi01,Bill Hutchinson,2,,2,2,2,0,0,0,0,0,0,0,0,0,,,
1884,PRO,NL,irwinar01,Arthur Irwin,102,,102,102,1,0,0,0,0,102,0,0,0,0,,,
1884,BSU,UA,irwinjo01,John Irwin,105,,105,105,0,0,0,0,105,0,0,0,0,0,,,
1884,PHU,UA,johnsbi01,Lefty Johnson,1,,1,1,0,0,0,0,0,0,1,0,0,1,,,
1884,RIC,AA,johnsdi01,Dick Johnston,39,,39,39,0,0,0,0,0,2,0,37,0,37,,,
1884,PHU,UA,jonesbi01,Bill Jones,4,,4,4,0,4,0,0,0,0,0,0,1,1,,,
1884,CN2,AA,jonesch01,Charley Jones,112,,112,112,0,0,0,0,0,0,63,51,0,112,,,
1884,BR3,AA,jonesch02,Charlie Jones,25,,25,25,0,0,0,13,11,0,1,0,1,2,,,
1884,DTN,NL,jonesfr01,Frank Jones,2,,2,2,0,0,0,0,0,1,0,0,1,1,,,
1884,DTN,NL,joneshe01,Henry Jones,34,,34,34,0,0,0,16,0,7,0,0,11,11,,,
1884,CNU,UA,jonesja01,Ri Jones,69,,69,69,0,0,0,19,10,41,0,0,0,0,,,
1884,WSU,UA,kalbfch01,Charlie Kalbfus,1,,1,1,0,0,0,0,0,0,0,0,1,1,,,
1884,PHI,NL,kappejo01,Joe Kappel,4,,4,4,0,4,0,0,0,0,0,0,0,0,,,
1884,DTN,NL,kearnto01,Tom Kearns,21,,21,21,0,0,0,21,0,0,0,0,0,0,,,
1884,NY4,AA,keefeti01,Tim Keefe,62,,62,62,58,0,0,0,0,0,1,4,0,5,,,
1884,IN2,AA,keenaji01,Jim Keenan,68,,68,68,1,59,6,0,0,1,0,0,2,2,,,
1884,WSU,UA,kellyjo01,John Kelly,4,,4,4,0,3,0,0,0,0,0,0,1,1,,,
1884,CNU,UA,kellyjo01,John Kelly,38,,38,38,0,37,0,0,0,0,0,1,1,2,,,
1884,CHN,NL,kellyki01,King Kelly,108,,108,108,2,28,2,1,10,12,0,0,63,63,,,
1884,CL5,AA,kemmlru01,Rudy Kemmler,61,,61,61,0,58,2,0,0,0,1,0,0,1,,,
1884,NY4,AA,kenneed01,Ed Kennedy,103,,103,103,0,1,0,1,0,1,99,1,0,100,,,
1884,CNU,UA,kenneed02,Ed Kennedy,13,,13,13,0,0,0,0,8,4,0,0,1,1,,,
1884,IN2,AA,kerinjo01,John Kerins,94,,94,94,0,5,87,0,1,0,0,2,3,5,,,
1884,PHU,UA,kienzbi01,Bill Kienzle,67,,67,67,0,0,0,0,0,0,0,67,0,67,,,
1884,WS7,AA,kileyjo01,John Kiley,14,,14,14,0,0,0,0,0,0,13,1,1,14,,,
1884,BR3,AA,kimbesa01,Sam Kimber,41,,41,41,41,0,0,0,0,0,0,0,0,0,,,
1884,CHN,NL,kinziwa01,Walt Kinzie,19,,19,19,0,0,0,0,2,17,0,0,0,0,,,
1884,SL4,AA,kinziwa01,Walt Kinzie,2,,2,2,0,0,0,2,0,0,0,0,0,0,,,
1884,KCU,UA,kirbyjo01,John Kirby,2,,2,2,2,0,0,0,0,0,1,0,0,1,,,
1884,PHI,NL,knighjo01,Joe Knight,6,,6,6,6,0,0,0,0,0,0,0,0,0,,,
1884,PH4,AA,knighlo01,Lon Knight,108,,108,108,2,0,1,0,0,0,0,0,108,108,,,
1884,PT1,AA,knowlji01,Jimmy Knowles,46,,46,46,0,0,46,0,0,0,0,0,0,0,,,
1884,BR3,AA,knowlji01,Jimmy Knowles,41,,41,41,0,0,30,0,11,0,0,0,0,0,,,
1884,ALT,UA,koonsha01,Harry Koons,21,,21,21,0,1,0,0,21,0,0,0,0,0,,,
1884,CHU,UA,koonsha01,Harry Koons,1,,1,1,0,0,0,0,1,0,0,0,0,0,,,
1884,KCU,UA,kreegfr01,Frank Kreeger,1,,1,1,1,0,0,0,0,0,0,1,0,1,,,
1884,SL4,AA,krehmch01,Charlie Krehmeyer,21,,21,21,0,7,1,0,0,0,5,9,1,15,,,
1884,CHU,UA,kriegbi01,Bill Krieg,71,,71,71,0,52,1,0,0,1,13,6,2,20,,,
1884,CL5,AA,kuehnbi01,Bill Kuehne,110,,110,110,0,0,0,0,110,0,0,0,0,0,,,
1884,PH4,AA,larkihe01,Henry Larkin,85,,85,85,0,0,0,2,0,0,30,55,0,85,,,
1884,RIC,AA,larkite01,Terry Larkin,40,,40,40,0,0,0,40,0,0,0,0,0,0,,,
1884,SL4,AA,lathaar01,Arlie Latham,110,,110,110,0,1,0,0,110,0,0,0,0,0,,,
1884,LS2,AA,lathaju01,Jumbo Latham,77,,77,77,0,0,76,0,1,0,0,0,0,0,,,
1884,PT1,AA,lauerch01,Chuck Lauer,13,,13,13,3,0,1,0,0,0,0,2,8,10,,,
1884,SL4,AA,lavinjo01,Johnny Lavin,16,,16,16,0,0,0,0,0,0,0,15,1,16,,,
1884,WSU,UA,lawlomi01,Mike Lawlor,2,,2,2,0,2,0,0,0,0,0,0,0,0,,,
1884,ALT,UA,learyja01,Jack Leary,8,,8,8,3,0,0,0,1,0,4,2,0,6,,,
1884,CHU,UA,learyja01,Jack Leary,10,,10,10,2,0,0,4,3,0,0,3,0,3,,,
1884,WSU,UA,lehanja01,James Lehan,3,,3,3,0,0,0,0,1,3,1,0,0,1,,,
1884,WSU,UA,levisch01,Charlie Levis,1,,1,1,0,0,1,0,0,0,0,0,0,0,,,
1884,BLU,UA,levisch01,Charlie Levis,87,,87,87,0,0,87,0,0,0,0,0,0,0,,,
1884,IN2,AA,levisch01,Charlie Levis,3,,3,3,0,0,3,0,0,0,0,0,0,0,,,
1884,SL4,AA,lewisfr01,Fred Lewis,73,,73,73,0,0,0,0,0,0,0,73,0,73,,,
1884,SLU,UA,lewisfr01,Fred Lewis,8,,8,8,0,0,0,0,0,0,0,8,0,8,,,
1884,BFN,NL,lilliji01,Jim Lillie,114,,114,114,2,0,0,0,0,0,0,0,114,114,,,
1884,IN2,AA,lockema01,Marshall Locke,7,,7,7,0,0,0,0,0,0,0,3,4,7,,,
1884,WSU,UA,lockwmi01,Milo Lockwood,20,,20,20,11,0,0,0,3,0,1,7,3,11,,,
1884,NY1,NL,loughbi01,Bill Loughran,9,,9,9,0,9,0,0,0,0,0,0,1,1,,,
1884,NY4,AA,lynchja01,Jack Lynch,55,,55,55,55,0,0,0,0,0,0,0,0,0,,,
1884,PHI,NL,lynchto01,Tom Lynch,13,,13,13,0,7,0,0,0,0,1,6,0,7,,,
1884,WIL,UA,lynchto01,Tom Lynch,16,,16,16,0,8,1,0,0,0,8,0,0,8,,,
1884,CHN,NL,lynchto02,Thomas Lynch,1,,1,1,1,0,1,0,0,0,0,0,0,0,,,
1884,IN2,AA,macarma01,Mac MacArthur,6,,6,6,6,0,0,0,0,0,0,0,0,0,,,
1884,BL2,AA,maculji01,Jimmy Macullar,107,,107,107,0,0,0,0,0,107,0,0,0,0,,,
1884,PHU,UA,malonfe01,Fergy Malone,1,,1,1,0,1,0,0,0,0,0,0,0,0,,,
1884,NY1,NL,manloch01,Charlie Manlove,3,,3,3,0,3,0,0,0,0,0,0,1,1,,,
1884,ALT,UA,manloch01,Charlie Manlove,2,,2,2,0,1,0,0,0,0,0,1,0,1,,,
1884,PHI,NL,mannija01,Jack Manning,104,,104,104,0,0,0,0,0,0,0,0,104,104,,,
1884,BSN,NL,manniji01,Jim Manning,89,,89,89,0,0,0,9,3,9,1,72,0,73,,,
1884,BL2,AA,manniti01,Tim Manning,91,,91,91,0,0,0,91,0,0,0,0,0,0,,,
1884,PH4,AA,mansemi01,Mike Mansell,20,,20,20,0,0,0,0,0,0,16,4,0,20,,,
1884,PT1,AA,mansemi01,Mike Mansell,27,,27,27,0,0,0,0,0,0,24,0,3,27,,,
1884,RIC,AA,mansemi01,Mike Mansell,29,,29,29,0,0,0,0,0,0,0,2,27,29,,,
1884,CN2,AA,manseto01,Tom Mansell,65,,65,65,0,0,0,0,0,0,41,25,1,65,,,
1884,CL5,AA,manseto01,Tom Mansell,23,,23,23,0,0,0,0,0,0,23,0,0,23,,,
1884,LS2,AA,maskrle01,Leech Maskrey,105,,105,105,0,0,0,0,3,1,97,0,7,103,,,
1884,PH4,AA,mathebo01,Bobby Mathews,49,,49,49,49,0,0,0,0,0,0,0,1,1,,,
1884,SLU,UA,mattecv01,C. V. Matteson,1,,1,1,1,0,0,0,0,0,0,1,0,1,,,
1884,CHU,UA,matthst01,Steve Matthias,37,,37,37,0,0,0,0,0,36,0,2,0,2,,,
1884,BSU,UA,mccarto01,Tommy McCarthy,53,,53,53,7,0,0,0,0,0,41,2,7,48,,,
1884,IN2,AA,mccaual01,Al McCauley,17,,17,17,10,0,5,0,0,0,0,0,3,3,,,
1884,SL4,AA,mccauji01,Jim McCauley,1,,1,1,0,1,0,0,0,0,0,0,0,0,,,
1884,PHI,NL,mcclebi01,Bill McClellan,111,,111,111,0,0,0,0,0,111,0,1,0,1,,,
1884,WIL,UA,mcclobi01,Bill McCloskey,9,,9,9,0,5,0,0,0,0,3,3,0,5,,,
1884,PHU,UA,mccorje01,Jerry McCormick,67,,67,67,1,0,0,5,54,3,5,0,1,5,,,
1884,WSU,UA,mccorje01,Jerry McCormick,42,,42,42,0,0,0,0,38,4,0,0,0,0,,,
1884,CNU,UA,mccorji01,Jim McCormick,27,,27,27,24,0,0,0,0,0,0,3,0,3,,,
1884,CL2,NL,mccorji01,Jim McCormick,49,,49,49,42,0,0,0,0,0,1,3,4,8,,,
1884,PT1,AA,mcdonji01,Jim McDonald,38,,38,38,0,0,0,1,22,0,1,12,2,15,,,
1884,WSU,UA,mcdonji01,Jim McDonald,2,,2,2,0,1,0,0,0,0,0,0,1,1,,,
1884,WIL,UA,mcelrji01,Jim McElroy,1,,1,1,1,0,0,0,0,0,1,1,0,1,,,
1884,PHI,NL,mcelrji01,Jim McElroy,14,,14,14,13,0,0,0,0,0,0,2,0,2,,,
1884,BLU,UA,mcfarch01,Chris McFarland,3,,3,3,1,0,0,0,0,0,0,3,0,3,,,
1884,CHU,UA,mcgarch01,Chippy McGarr,19,,19,19,0,0,0,13,0,0,5,0,1,6,,,
1884,SL4,AA,mcginju01,Jumbo McGinnis,40,,40,40,40,0,0,0,0,0,0,0,0,0,,,
1884,TL1,AA,mcguide01,Deacon McGuire,45,,45,45,0,41,0,0,0,3,1,3,0,4,,,
1884,PHU,UA,mcguijo01,John McGuinness,53,,53,53,0,0,48,5,0,1,0,0,0,0,,,
1884,WSU,UA,mckeefr01,Frank McKee,4,,4,4,0,1,0,0,2,0,0,0,3,3,,,
1884,BSU,UA,mckeeji01,Jim McKeever,16,,16,16,0,12,0,0,0,0,0,0,4,4,,,
1884,WSU,UA,mckened01,Ed McKenna,32,,32,32,0,23,0,0,7,0,0,2,8,10,,,
1884,IN2,AA,mckeola01,Larry McKeon,70,,70,70,61,0,6,3,0,0,0,1,0,1,,,
1884,NY1,NL,mckinal01,Alex McKinnon,116,,116,116,0,0,116,0,0,0,0,0,0,0,,,
1884,KCU,UA,mclauba01,Barney McLaughlin,42,,42,42,7,0,0,12,0,2,4,3,17,24,,,
1884,CHU,UA,mclaufr01,Frank McLaughlin,15,,15,15,0,0,0,14,0,1,0,0,1,1,,,
1884,KCU,UA,mclaufr01,Frank McLaughlin,32,,32,32,2,0,0,10,9,5,2,6,2,10,,,
1884,CNU,UA,mclaufr01,Frank McLaughlin,16,,16,16,0,0,0,0,0,16,0,0,0,0,,,
1884,WSU,UA,mclauja01,William McLaughlin,10,,10,10,0,0,0,0,1,9,0,0,0,0,,,
1884,BL2,AA,mclauji01,Jim McLaughlin,5,,5,5,3,0,0,0,0,0,0,1,2,3,,,
1884,LS2,AA,mclauto01,Tom McLaughlin,98,,98,98,0,0,0,1,4,94,0,0,0,0,,,
1884,CN2,AA,mcphebi01,Bid McPhee,112,,112,112,0,0,0,112,0,0,0,0,0,0,,,
1884,CNU,UA,mcquemo01,Mox McQuery,35,,35,35,0,0,35,0,0,0,0,0,0,0,,,
1884,TL1,AA,mcsortr01,Trick McSorley,21,,21,21,1,0,16,0,1,0,5,0,0,5,,,
1884,RIC,AA,meegape01,Pete Meegan,23,,23,23,22,0,0,0,0,0,0,0,1,1,,,
1884,DTN,NL,meinkfr01,Frank Meinke,92,,92,92,35,0,0,3,3,51,1,0,4,4,,,
1884,TL1,AA,meistge01,George Meister,34,,34,34,0,0,0,0,34,0,0,0,0,0,,,
1884,IN2,AA,merried01,Ed Merrill,55,,55,55,0,0,0,55,0,0,0,0,0,0,,,
1884,PHU,UA,meyerle01,Levi Meyerle,3,,3,3,0,0,2,0,0,0,0,0,1,1,,,
1884,CNU,UA,meyerlo01,Lou Meyers,2,,2,2,0,2,0,0,0,0,0,0,1,1,,,
1884,PHI,NL,millecy01,Cyclone Miller,1,,1,1,1,0,0,0,0,0,0,0,0,0,,,
1884,CHU,UA,millecy01,Cyclone Miller,1,,1,1,1,0,0,0,0,0,0,0,0,0,,,
1884,PRO,NL,millecy01,Cyclone Miller,6,,6,6,6,0,0,0,0,0,0,0,4,4,,,
1884,PT1,AA,milledo01,Doggie Miller,89,,89,89,0,36,0,1,3,0,48,0,1,49,,,
1884,TL1,AA,milleed01,Ed Miller,8,,8,8,0,0,0,0,0,0,6,1,2,8,,,
1884,CN2,AA,millege01,George Miller,6,,6,6,0,6,0,0,0,0,0,0,0,0,,,
1884,TL1,AA,millejo02,Joe Miller,105,,105,105,0,0,0,0,0,105,0,0,0,0,,,
1884,PH4,AA,millijo01,Jocko Milligan,66,,66,66,0,65,0,0,0,0,0,1,0,1,,,
1884,TL1,AA,moffejo01,Joe Moffet,56,,56,56,0,0,38,4,11,0,1,3,0,3,,,
1884,CL2,NL,moffesa01,Sam Moffet,67,,67,67,24,0,2,1,1,0,13,1,28,42,,,
1884,IN2,AA,monrofr01,Frank Monroe,2,,2,2,0,1,0,0,0,0,0,0,1,1,,,
1884,WSU,UA,mooreha01,Henry Moore,111,,111,111,0,0,0,0,0,8,102,2,1,105,,,
1884,CL2,NL,mooreje01,Jerry Moore,9,,9,9,0,9,0,0,0,0,0,0,0,0,,,
1884,ALT,UA,mooreje01,Jerry Moore,20,,20,20,0,12,0,0,0,0,1,2,6,9,,,
1884,BLU,UA,morgabi01,Bill Morgan,2,,2,2,0,1,0,1,0,0,0,0,1,1,,,
1884,RIC,AA,morgabi01,Bill Morgan,6,,6,6,0,3,0,1,0,0,0,0,2,2,,,
1884,WS7,AA,morgabi02,Bill Morgan,45,,45,45,0,12,0,2,0,2,17,2,13,31,,,
1884,IN2,AA,moriage01,Gene Moriarty,10,,10,10,2,0,0,0,1,0,0,0,7,7,,,
1884,BSN,NL,moriage01,Gene Moriarty,4,,4,4,0,0,0,0,0,0,1,3,0,4,,,
1884,CL5,AA,morried01,Ed Morris,57,,57,57,52,0,0,0,0,0,2,4,4,10,,,
1884,BSN,NL,morrijo01,John Morrill,111,,111,111,7,0,91,17,2,0,1,0,0,1,,,
1884,IN2,AA,morrijo03,Jon Morrison,44,,44,44,0,0,0,0,0,0,0,44,0,44,,,
1884,MLU,UA,morrito01,Tom Morrissey,12,,12,12,0,0,0,0,12,0,0,0,0,0,,,
1884,TL1,AA,mortoch01,Charlie Morton,32,,32,32,3,0,0,1,16,0,14,0,1,15,,,
1884,PHI,NL,mortosp01,Sparrow Morton,2,,2,2,2,0,0,0,0,0,0,0,0,0,,,
1884,CN2,AA,mountbi01,Bill Mountjoy,34,,34,34,33,0,0,0,0,0,0,1,1,2,,,
1884,CL5,AA,mountfr01,Frank Mountain,58,,58,58,42,0,0,0,0,0,9,7,1,17,,,
1884,CL2,NL,moynami01,Mike Moynahan,12,,12,12,0,0,0,6,0,3,1,0,2,3,,,
1884,PH4,AA,moynami01,Mike Moynahan,1,,1,1,0,0,0,0,0,0,0,1,0,1,,,
1884,CL2,NL,muldomi01,Mike Muldoon,110,,110,110,0,0,0,1,109,0,0,0,1,1,,,
1884,TL1,AA,mullato01,Tony Mullane,95,,95,95,67,0,7,1,6,1,14,0,4,19,,,
1884,BSU,UA,mullihe01,Henry Mullin,2,,2,2,0,0,0,0,0,0,0,2,0,2,,,
1884,WS7,AA,mullihe01,Henry Mullin,34,,34,34,0,0,0,0,1,0,4,29,1,34,,,
1884,WSU,UA,mullijo01,John Mulligan,1,,1,1,0,0,0,0,1,0,0,0,0,0,,,
1884,PHI,NL,mulvejo01,Joe Mulvey,100,,100,100,0,0,0,0,100,0,0,0,0,0,,,
1884,WIL,UA,muncejo01,John Munce,7,,7,7,0,0,0,0,0,0,0,2,6,7,,,
1884,IN2,AA,mundige01,George Mundinger,3,,3,3,0,3,0,0,0,0,0,0,0,0,,,
1884,BSU,UA,murnati01,Tim Murnane,76,,76,76,0,0,63,0,0,0,1,0,15,16,,,
1884,PHI,NL,murphco01,Con Murphy,3,,3,3,3,0,0,0,0,0,0,0,0,0,,,
1884,WIL,UA,murphjo01,John Murphy,10,,10,10,7,0,0,0,1,2,0,0,2,2,,,
1884,ALT,UA,murphjo01,John Murphy,23,,23,23,14,0,0,4,0,0,5,4,1,10,,,
1884,NY4,AA,murphto01,Tony Murphy,1,,1,1,0,1,0,0,0,0,0,0,0,0,,,
1884,WS7,AA,murphwi01,Willie Murphy,5,,5,5,0,0,0,0,1,0,4,0,0,4,,,
1884,CL2,NL,murphwi01,Willie Murphy,42,,42,42,0,0,0,0,0,0,34,3,5,42,,,
1884,PRO,NL,murrami01,Miah Murray,8,,8,8,0,7,1,0,0,0,0,1,0,1,,,
1884,MLU,UA,myersal01,Al Myers,12,,12,12,0,0,0,12,0,0,0,0,0,0,,,
1884,BFN,NL,myersge01,George Myers,78,,78,78,0,49,0,0,0,0,16,18,0,34,,,
1884,WIL,UA,myershe01,Henry Myers,6,,6,6,0,0,0,1,0,5,0,0,0,0,,,
1884,PT1,AA,neaglja01,Jack Neagle,43,,43,43,38,0,0,0,0,0,2,2,2,6,,,
1884,PT1,AA,nelsobi01,Bill Nelson,3,,3,3,3,0,0,0,0,0,0,0,0,0,,,
1884,NY4,AA,nelsoca01,Candy Nelson,111,,111,111,0,0,0,1,0,110,0,0,0,0,,,
1884,SL4,AA,nicolhu01,Hugh Nicol,110,,110,110,0,0,0,23,1,1,0,0,87,87,,,
1884,ALT,UA,noftsge01,George Noftsker,7,,7,7,0,3,0,0,0,0,0,1,4,5,,,
1884,WIL,UA,nolanth01,The Only Nolan,9,,9,9,5,0,0,0,0,0,0,1,3,4,,,
1884,BLU,UA,oberbhe01,Henry Oberbeck,33,,33,33,2,0,0,0,8,0,1,0,27,28,,,
1884,KCU,UA,oberbhe01,Henry Oberbeck,27,,27,27,6,0,3,0,15,0,3,3,1,7,,,
1884,SPU,UA,obriebi01,Billy O'Brien,8,,8,8,2,0,0,0,8,0,0,0,0,0,,,
1884,KCU,UA,obriebi01,Billy O'Brien,4,,4,4,0,0,1,0,3,0,0,0,0,0,,,
1884,PH4,AA,obrieja01,Jack O'Brien,36,,36,36,0,30,1,0,0,0,0,5,0,5,,,
1884,BLU,UA,obriejo01,John O'Brien,18,,18,18,0,0,0,0,0,0,3,14,1,18,,,
1884,BSU,UA,obrieto01,Tom O'Brien,103,,103,103,0,1,2,99,0,0,1,1,1,3,,,
1884,PHU,UA,odonnjo01,John O'Donnell,1,,1,1,0,1,0,0,0,0,0,0,0,0,,,
1884,CNU,UA,olearda01,Dan O'Leary,32,,32,32,0,0,0,0,0,0,22,10,0,32,,,
1884,SL4,AA,oneilti01,Tip O'Neill,78,,78,78,17,0,1,0,0,0,59,5,0,64,,,
1884,BFN,NL,orourji01,Jim O'Rourke,108,,108,108,4,10,18,0,1,0,86,0,0,86,,,
1884,NY1,NL,oxleyhe01,Henry Oxley,2,,2,2,0,2,0,0,0,0,0,0,0,0,,,
1884,NY4,AA,oxleyhe01,Henry Oxley,1,,1,1,0,1,0,0,0,0,0,0,0,0,,,
1884,PHU,UA,pattige01,George Patterson,2,,2,2,0,0,0,0,0,0,1,0,1,2,,,
1884,IN2,AA,peltzjo01,John Peltz,106,,106,106,0,0,0,0,0,0,106,0,0,106,,,
1884,CN2,AA,peoplji01,Jimmy Peoples,69,,69,69,0,14,1,0,1,47,0,4,6,10,,,
1884,PT1,AA,peterjo01,John Peters,1,,1,1,0,0,0,0,0,1,0,0,0,0,,,
1884,CHN,NL,pfefffr01,Fred Pfeffer,112,,112,112,1,0,0,112,0,0,0,0,0,0,,,
1884,BLU,UA,pheladi01,Dick Phelan,101,,101,101,0,0,0,100,5,0,0,1,0,1,,,
1884,CL2,NL,phillbi01,Bill Phillips,111,,111,111,0,0,111,0,0,0,0,0,0,0,,,
1884,IN2,AA,phillma01,Marr Phillips,97,,97,97,0,0,0,0,0,97,0,0,0,0,,,
1884,NY4,AA,piercgr01,Gracie Pierce,5,,5,5,0,0,0,3,0,0,0,2,1,3,,,
1884,WSU,UA,piercma01,Maury Pierce,2,,2,2,0,0,0,0,2,0,0,0,0,0,,,
1884,CL2,NL,pinknge01,George Pinkney,36,,36,36,0,0,0,25,0,11,0,0,0,0,,,
1884,TL1,AA,poormto01,Tom Poorman,94,,94,94,1,0,0,0,0,0,0,0,93,93,,,
1884,MLU,UA,portehe01,Henry Porter,11,,11,11,6,0,1,0,0,0,0,4,0,4,,,
1884,KCU,UA,portema01,Matthew Porter,3,,3,3,0,0,0,0,0,0,0,3,0,3,,,
1884,WSU,UA,powelab01,Abner Powell,48,,48,48,18,0,0,1,2,1,0,12,18,30,,,
1884,RIC,AA,powelji01,Jim Powell,41,,41,41,0,0,41,0,0,0,0,0,0,0,,,
1884,CNU,UA,powelma01,Martin Powell,43,,43,43,0,0,43,0,0,0,0,0,0,0,,,
1884,CN2,AA,powerph01,Phil Powers,35,,35,35,0,31,2,0,0,0,0,0,3,3,,,
1884,WS7,AA,princwa01,Walter Prince,43,,43,43,0,0,43,0,0,0,0,0,0,0,,,
1884,WSU,UA,princwa01,Walter Prince,1,,1,1,0,0,1,0,0,0,0,0,0,0,,,
1884,DTN,NL,princwa01,Walter Prince,7,,7,7,0,0,0,0,0,0,0,0,7,7,,,
1884,PHI,NL,purcebl01,Blondie Purcell,103,,103,103,1,0,0,0,0,0,103,0,0,103,,,
1884,SL4,AA,questjo01,Joe Quest,81,,81,81,0,0,0,81,0,0,0,0,0,0,,,
1884,PT1,AA,questjo01,Joe Quest,12,,12,12,0,0,0,7,0,5,0,0,0,0,,,
1884,SLU,UA,quinnjo02,Joe Quinn,103,,103,103,0,0,100,0,0,1,1,0,2,3,,,
1884,RIC,AA,quintma01,Marshall Quinton,26,,26,26,0,14,0,0,0,2,0,0,10,10,,,
1884,PRO,NL,radboch01,Old Hoss Radbourn,87,,87,87,75,0,5,1,0,2,0,1,7,7,,,
1884,PRO,NL,radfopa01,Paul Radford,97,,97,97,2,0,0,0,0,0,0,0,96,96,,,
1884,LS2,AA,recciph01,Phil Reccius,73,,73,73,18,0,0,0,51,10,0,0,0,0,,,
1884,WSU,UA,reedeic01,Icicle Reeder,3,,3,3,0,0,0,0,0,0,0,1,2,3,,,
1884,CN2,AA,reedeic01,Icicle Reeder,3,,3,3,0,0,0,0,0,0,3,0,0,3,,,
1884,BSU,UA,reillch01,Charlie Reilley,3,,3,3,0,0,0,0,1,0,0,0,2,2,,,
1884,CN2,AA,reilljo01,John Reilly,105,,105,105,0,0,103,0,0,1,0,0,3,3,,,
1884,NY4,AA,reipsch01,Charlie Reipschlager,59,,59,59,0,51,0,0,0,0,5,2,1,8,,,
1884,IN2,AA,reisich01,Charlie Reising,2,,2,2,0,0,0,0,0,0,1,1,1,2,,,
1884,BR3,AA,remseja01,Jack Remsen,81,,81,81,0,0,0,0,0,0,32,49,0,81,,,
1884,PHI,NL,remseja01,Jack Remsen,12,,12,12,0,0,0,0,0,0,0,12,0,12,,,
1884,NY1,NL,richada01,Danny Richardson,74,,74,74,0,0,0,0,0,19,11,7,37,55,,,
1884,BFN,NL,richaha01,Hardy Richardson,102,,102,102,0,0,3,71,5,0,0,24,0,24,,,
1884,CL5,AA,richmjo01,John Richmond,105,,105,105,0,0,0,0,0,105,0,0,0,0,,,
1884,PHU,UA,ricklch01,Chris Rickley,6,,6,6,0,0,0,0,0,6,0,0,0,0,,,
1884,PH4,AA,ringofr01,Frank Ringo,2,,2,2,0,2,0,0,0,0,0,0,0,0,,,
1884,PHI,NL,ringofr01,Frank Ringo,26,,26,26,0,26,0,0,0,0,0,0,0,0,,,
1884,IN2,AA,robinch01,Charlie Robinson,20,,20,20,0,17,0,0,0,3,0,0,1,1,,,
1884,CNU,UA,robinfr01,Fred Robinson,3,,3,3,0,0,0,3,0,0,0,0,0,0,,,
1884,BLU,UA,robinya01,Yank Robinson,102,,102,102,11,11,0,3,71,14,0,0,0,0,,,
1884,WSU,UA,rollibi01,Bill Rollinson,1,,1,1,0,1,0,0,0,0,0,0,0,0,,,
1884,NY4,AA,rosemch01,Chief Roseman,107,,107,107,0,0,0,0,0,0,4,103,0,107,,,
1884,PH4,AA,rowened01,Ed Rowen,4,,4,4,0,4,0,0,0,0,0,0,0,0,,,
1884,BL2,AA,roxbuji01,Jim Roxburgh,2,,2,2,0,2,0,0,0,0,0,0,0,0,,,
1884,BSU,UA,ruddejo01,John Rudderham,1,,1,1,0,0,0,0,0,0,1,0,0,1,,,
1884,SLU,UA,ryderto01,Tom Ryder,8,,8,8,0,0,0,0,0,0,5,3,0,8,,,
1884,DTN,NL,santred01,Edward Santry,6,,6,6,0,0,0,1,0,5,0,0,0,0,,,
1884,BSU,UA,scanlpa01,Pat Scanlon,6,,6,6,0,0,0,0,0,0,6,0,0,6,,,
1884,RIC,AA,schenbi01,Bill Schenck,42,,42,42,0,0,0,2,0,40,0,0,0,0,,,
1884,CHU,UA,schoeju01,Jumbo Schoeneck,90,,90,90,0,0,90,0,0,0,0,0,0,0,,,
1884,BLU,UA,schoeju01,Jumbo Schoeneck,16,,16,16,0,0,16,0,0,0,0,0,0,0,,,
1884,CNU,UA,schwabi01,Bill Schwartz,29,,29,29,0,25,0,0,1,0,2,1,1,3,,,
1884,DTN,NL,scottmi01,Milt Scott,110,,110,110,0,0,110,0,0,0,0,0,0,0,,,
1884,KCU,UA,seeryem01,Emmett Seery,1,,1,1,0,0,0,0,0,0,1,0,0,1,,,
1884,BLU,UA,seeryem01,Emmett Seery,105,,105,105,0,3,0,0,2,0,99,0,5,103,,,
1884,BFN,NL,seradbi01,Billy Serad,37,,37,37,37,0,0,0,0,0,3,0,0,3,,,
1884,MLU,UA,sextoto01,Tom Sexton,12,,12,12,0,0,0,0,0,12,0,0,0,0,,,
1884,SLU,UA,shaffor01,Orator Shafer,106,,106,106,0,0,1,7,0,0,6,0,96,100,,,
1884,ALT,UA,shaffta01,Taylor Shafer,19,,19,19,0,2,0,0,1,0,9,7,1,17,,,
1884,KCU,UA,shaffta01,Taylor Shafer,44,,44,44,0,2,0,1,1,1,0,0,41,41,,,
1884,BLU,UA,shaffta01,Taylor Shafer,3,,3,3,0,0,0,0,0,0,1,0,3,3,,,
1884,CN2,AA,shallgu01,Gus Shallix,23,,23,23,23,0,0,0,0,0,0,0,0,0,,,
1884,WSU,UA,shoupjo01,John Shoup,1,,1,1,0,0,0,0,0,0,0,1,0,1,,,
1884,PHU,UA,siegejo01,Fred Siegel,8,,8,8,0,0,0,0,8,0,0,0,0,0,,,
1884,PH4,AA,siffefr01,Frank Siffell,7,,7,7,0,7,0,0,0,0,0,0,0,0,,,
1884,PHI,NL,sixsmed01,Ed Sixsmith,1,,1,1,0,1,0,0,0,0,0,0,0,0,,,
1884,BLU,UA,skinnal01,Al Skinner,1,,1,1,0,0,0,0,0,0,0,0,1,1,,,
1884,CHU,UA,skinnal01,Al Skinner,1,,1,1,0,0,0,0,0,0,0,1,0,1,,,
1884,BSU,UA,sladear01,Art Sladen,2,,2,2,0,0,0,0,0,0,0,0,2,2,,,
1884,BSU,UA,slattmi01,Mike Slattery,106,,106,106,0,0,11,0,0,0,1,96,0,96,,,
1884,CL2,NL,smithbi02,Bill Smith,1,,1,1,0,0,0,0,0,0,1,0,0,1,,,
1884,WS7,AA,smithed01,Edgar Smith,14,,14,14,3,0,0,0,0,0,0,0,12,12,,,
1884,BLU,UA,smithed05,Ed Smith,9,,9,9,9,0,0,0,0,0,0,0,4,4,,,
1884,PT1,AA,smithfr01,Frank Smith,10,,10,10,0,7,0,0,0,0,1,1,1,3,,,
1884,CL2,NL,smithge01,Germany Smith,72,,72,72,0,0,0,42,0,30,0,0,0,0,,,
1884,ALT,UA,smithge01,Germany Smith,25,,25,25,1,0,0,0,0,25,0,0,0,0,,,
1884,PT1,AA,smithph01,Phenomenal Smith,1,,1,1,1,0,0,0,0,0,0,0,0,0,,,
1884,PH4,AA,smithph01,Phenomenal Smith,1,,1,1,1,0,0,0,0,0,0,0,0,0,,,
1884,CL5,AA,smithpo01,Pop Smith,108,,108,108,0,0,0,108,0,0,0,0,0,0,,,
1884,IN2,AA,sneedjo01,John Sneed,27,,27,27,0,0,0,0,0,0,0,21,6,27,,,
1884,CN2,AA,snydepo01,Pop Snyder,67,,67,67,0,65,2,0,0,0,0,0,1,1,,,
1884,WIL,UA,snydere01,Redleg Snyder,17,,17,17,0,0,16,0,0,0,1,0,0,1,,,
1884,BL2,AA,sommejo01,Joe Sommer,107,,107,107,0,0,0,1,97,0,0,2,7,9,,,
1884,BLU,UA,stanljo01,Joe Stanley,6,,6,6,0,0,0,0,0,0,0,4,2,6,,,
1884,PRO,NL,startjo01,Joe Start,93,,93,93,0,0,93,0,0,0,0,0,0,0,,,
1884,BL2,AA,stearec01,Dan Stearns,100,,100,100,0,0,100,1,0,0,0,0,0,0,,,
1884,LS2,AA,stockle01,Len Stockwell,2,,2,2,0,1,0,0,0,0,1,1,0,2,,,
1884,PH4,AA,stoveha01,Harry Stovey,104,,104,104,0,0,104,0,0,0,0,0,0,0,,,
1884,KCU,UA,straujo02,Joe Strauss,16,,16,16,0,3,0,2,1,0,8,2,0,10,,,
1884,PH4,AA,striccu01,Cub Stricker,107,,107,107,1,1,0,107,0,0,0,1,0,1,,,
1884,CL2,NL,striege01,George Strief,8,,8,8,0,0,0,0,2,0,6,0,0,6,,,
1884,SL4,AA,striege01,George Strief,48,,48,48,0,0,1,3,0,0,43,1,0,44,,,
1884,KCU,UA,striege01,George Strief,15,,15,15,0,0,0,15,0,0,0,0,0,0,,,
1884,CHU,UA,striege01,George Strief,15,,15,15,0,0,0,15,0,0,0,0,0,0,,,
1884,SL4,AA,struval01,Al Strueve,2,,2,2,0,1,0,0,0,0,0,1,0,1,,,
1884,LS2,AA,sullida01,Dan Sullivan,63,,63,63,0,63,0,0,0,0,1,0,0,1,,,
1884,PT1,AA,sullifl01,Fleury Sullivan,54,,54,54,51,0,0,0,0,0,0,3,0,3,,,
1884,KCU,UA,sullipa01,Pat Sullivan,31,,31,31,1,1,0,0,21,0,1,8,0,9,,,
1884,SLU,UA,sullisl01,Sleeper Sullivan,2,,2,2,1,1,0,0,0,0,0,0,1,1,,,
1884,KCU,UA,sullite01,Ted Sullivan,3,,3,3,0,0,0,0,0,1,0,0,2,2,,,
1884,CL5,AA,sullito01,Tom Sullivan,4,,4,4,4,0,0,0,0,0,0,0,0,0,,,
1884,CHN,NL,sundabi01,Billy Sunday,43,,43,43,0,0,0,0,0,0,0,9,34,43,,,
1884,CHN,NL,sutclsy01,Sy Sutcliffe,4,,4,4,0,4,0,0,0,0,0,0,0,0,,,
1884,BSN,NL,suttoez01,Ezra Sutton,110,,110,110,0,0,0,0,110,0,0,0,0,0,,,
1884,PT1,AA,swarted01,Ed Swartwood,102,,102,102,1,0,22,0,1,0,0,2,77,79,,,
1884,BLU,UA,sweenbi01,Bill Sweeney,74,,74,74,62,0,0,6,0,2,1,4,6,11,,,
1884,SLU,UA,sweench01,Charlie Sweeney,45,,45,45,33,0,1,0,0,0,13,0,0,13,,,
1884,PRO,NL,sweench01,Charlie Sweeney,41,,41,41,27,0,1,0,0,0,0,5,13,17,,,
1884,KCU,UA,sweenje01,Jerry Sweeney,31,,31,31,0,0,31,0,0,0,0,0,0,0,,,
1884,BLU,UA,sweenro01,Rooney Sweeney,48,,48,48,0,33,0,0,1,0,0,6,10,16,,,
1884,CNU,UA,sylvelo01,Lou Sylvester,82,,82,82,6,0,0,0,0,2,54,6,22,81,,,
1884,SLU,UA,taylobi01,Billy Taylor,43,,43,43,33,0,10,0,0,0,1,1,2,4,,,
1884,PH4,AA,taylobi01,Billy Taylor,30,,30,30,30,0,0,0,0,0,0,0,0,0,,,
1884,PT1,AA,tayloli01,Live Oak Taylor,41,,41,41,0,0,0,0,0,0,0,41,0,41,,,
1884,WIL,UA,tennefr01,Fred Tenney,1,,1,1,1,0,0,0,0,0,0,0,0,0,,,
1884,WSU,UA,tennefr01,Fred Tenney,32,,32,32,0,0,6,0,0,0,0,1,26,27,,,
1884,BSU,UA,tennefr01,Fred Tenney,4,,4,4,4,0,0,0,0,0,0,0,0,0,,,
1884,BR3,AA,terryad01,Adonis Terry,67,,67,67,56,0,0,0,0,0,2,7,4,13,,,
1884,WSU,UA,thompar01,Art Thompson,1,,1,1,1,0,0,0,0,0,0,0,0,0,,,
1884,IN2,AA,thomptu01,Tug Thompson,24,,24,24,0,12,0,0,0,0,0,7,5,12,,,
1884,BLU,UA,tiernbi01,Bill Tierney,1,,1,1,0,0,0,0,0,0,0,0,1,1,,,
1884,SPU,UA,tillejo01,John Tilley,9,,9,9,0,0,0,0,0,0,9,0,0,9,,,
1884,TL1,AA,tillejo01,John Tilley,17,,17,17,0,0,0,0,0,0,17,0,0,17,,,
1884,BL2,AA,traffbi01,Bill Traffley,53,,53,53,0,47,1,0,0,0,0,0,6,6,,,
1884,BL2,AA,trottsa01,Sam Trott,71,,71,71,0,60,0,6,0,0,1,1,3,5,,,
1884,WS7,AA,trumbed01,Ed Trumbull,25,,25,25,10,0,0,0,0,0,2,8,5,15,,,
1884,KCU,UA,turbije01,Jerry Turbidy,13,,13,13,0,0,0,0,0,13,0,0,0,0,,,
1884,PHI,NL,vadebge01,Gene Vadeboncoeur,4,,4,4,0,4,0,0,0,0,0,0,0,0,,,
1884,KCU,UA,veachpe01,Peek-A-Boo Veach,27,,27,27,12,0,1,1,0,0,11,2,1,14,,,
1884,PHI,NL,vintobi01,Bill Vinton,21,,21,21,21,0,0,0,0,0,1,0,0,1,,,
1884,TL1,AA,walkefl01,Fleet Walker,42,,42,42,0,41,0,0,0,0,1,0,0,1,,,
1884,BR3,AA,walkeos01,Oscar Walker,95,,95,95,0,0,36,0,0,0,16,43,0,59,,,
1884,DTN,NL,walkewa01,Walt Walker,1,,1,1,0,1,0,0,0,0,0,0,0,0,,,
1884,TL1,AA,walkewe01,Welday Walker,5,,5,5,0,0,0,0,0,0,4,1,0,5,,,
1884,BR3,AA,warnefr01,Fred Warner,84,,84,84,0,0,0,0,84,0,0,0,0,0,,,
1884,IN2,AA,watkibi01,Bill Watkins,34,,34,34,0,0,0,9,23,2,0,0,0,0,,,
1884,PHU,UA,weavesa01,Sam Weaver,20,,20,20,17,0,0,0,0,0,1,0,5,6,,,
1884,IN2,AA,weberha01,Harry Weber,3,,3,3,0,3,0,0,0,0,0,0,0,0,,,
1884,DTN,NL,weberjo01,Joe Weber,2,,2,2,0,0,0,0,0,0,1,0,1,2,,,
1884,IN2,AA,weihepo01,Podge Weihe,63,,63,63,0,0,3,4,0,0,1,23,35,58,,,
1884,TL1,AA,welchcu01,Curt Welch,109,,109,109,0,2,1,2,0,0,1,106,0,107,,,
1884,NY1,NL,welchmi01,Mickey Welch,71,,71,71,65,0,0,0,0,0,0,6,1,7,,,
1884,SLU,UA,werdepe01,Perry Werden,18,,18,18,16,0,0,0,0,0,4,1,1,6,,,
1884,SPU,UA,werrijo01,Joe Werrick,9,,9,9,0,0,0,0,0,9,0,0,0,0,,,
1884,SL4,AA,wheelha01,Harry Wheeler,5,,5,5,0,0,0,0,0,0,4,1,0,5,,,
1884,KCU,UA,wheelha01,Harry Wheeler,14,,14,14,1,0,0,0,0,0,12,0,1,13,,,
1884,BLU,UA,wheelha01,Harry Wheeler,17,,17,17,0,0,0,0,0,0,0,1,16,17,,,
1884,CHU,UA,wheelha01,Harry Wheeler,37,,37,37,0,0,0,0,0,0,0,37,0,37,,,
1884,PT1,AA,whitebi02,Bill White,74,,74,74,0,0,0,0,10,60,0,0,4,4,,,
1884,BFN,NL,whitede01,Deacon White,110,,110,110,0,3,0,0,108,0,0,0,0,0,,,
1884,CL2,NL,whitegu01,Guerdon Whiteley,8,,8,8,0,0,0,0,0,0,4,3,1,8,,,
1884,KCU,UA,whitemi01,Milt Whitehead,5,,5,5,0,1,0,3,1,1,0,0,0,0,,,
1884,SLU,UA,whitemi01,Milt Whitehead,99,,99,99,1,0,0,1,1,94,0,2,0,2,,,
1884,WSU,UA,whitewa01,Warren White,4,,4,4,0,0,0,1,2,1,0,0,0,0,,,
1884,CN2,AA,whitewi01,Will White,52,,52,52,52,0,0,0,0,0,0,0,0,0,,,
1884,LS2,AA,whitied01,Ed Whiting,42,,42,42,0,40,2,0,0,0,1,0,1,2,,,
1884,PT1,AA,whitnar01,Art Whitney,23,,23,23,0,0,0,0,21,1,0,1,0,1,,,
1884,BSN,NL,whitnji01,Jim Whitney,66,,66,66,38,0,15,0,1,0,0,14,1,15,,,
1884,DTN,NL,wiedmst01,Stump Weidman,81,,81,81,26,0,0,1,0,1,0,0,53,53,,,
1884,CHN,NL,willine01,Ned Williamson,107,,107,107,2,10,0,0,99,0,0,0,0,0,,,
1884,RIC,AA,williwa01,Wash Williams,2,,2,2,0,0,0,0,0,0,0,0,2,2,,,
1884,BR3,AA,wilsotu01,Tug Wilson,24,,24,24,0,10,3,1,0,0,5,6,1,12,,,
1884,PT1,AA,woulfji01,Jimmy Woulfe,15,,15,15,0,0,0,0,0,0,0,14,1,15,,,
1884,CN2,AA,woulfji01,Jimmy Woulfe,8,,8,8,0,0,0,0,1,0,1,0,6,7,,,
1884,KCU,UA,wymanfr01,Frank Wyman,30,,30,30,3,0,3,0,3,0,13,11,0,25,,,
1884,CHU,UA,wymanfr01,Frank Wyman,2,,2,2,0,0,2,0,0,0,0,0,0,0,,,
1884,WSU,UA,yeweled01,Ed Yewell,1,,1,1,0,0,0,0,1,0,0,0,0,0,,,
1884,WS7,AA,yeweled01,Ed Yewell,27,,27,27,0,0,0,11,7,2,1,2,5,8,,,
1884,DTN,NL,zimmech01,Chief Zimmer,8,,8,8,0,6,0,0,0,0,0,0,2,2,,,
