1906,CLE,AL,bayha01,Harry Bay,68,,68,68,0,0,0,0,0,0,0,68,0,68,,,
1906,PHI,NL,roych01,Charlie Roy,8,,8,8,7,0,1,0,0,0,0,0,0,0,,,
1906,NY1,NL,amesre01,Red Ames,31,,31,31,31,0,0,0,0,0,0,0,0,0,,,
1906,CIN,NL,carrch01,Charlie Carr,22,,22,22,0,0,22,0,0,0,0,0,0,0,,,
1906,PIT,NL,casech01,Charlie Case,2,,2,2,2,0,0,0,0,0,0,0,0,0,,,
1906,DET,AL,cobbty01,Ty Cobb,98,,98,98,0,0,0,0,0,0,18,55,24,96,,,
1906,CIN,NL,dealsn01,Snake Deal,65,,65,65,0,0,65,0,0,0,0,0,0,0,,,
1906,WS1,AL,duffpa01,Pat Duff,1,,1,1,0,0,0,0,0,0,0,0,0,0,,,
1906,SLN,NL,eganwi01,Wish Egan,16,,16,16,16,0,0,0,0,0,0,0,0,0,,,
1906,BSN,NL,goodge01,Gene Good,34,,34,34,0,0,0,0,0,0,24,10,0,34,,,
1906,CHA,AL,hahned01,Ed Hahn,130,,130,130,0,0,0,0,0,0,55,0,75,130,,,
1906,NYA,AL,hahned01,Ed Hahn,11,,11,11,0,0,0,0,0,0,3,4,0,7,,,
1906,NYA,AL,hahnno01,Noodles Hahn,6,,6,6,6,0,0,0,0,0,0,0,0,0,,,
1906,CIN,NL,hallch02,Charley Hall,17,,17,17,14,0,2,0,0,0,0,0,0,0,,,
1906,CHA,AL,harthu01,Hub Hart,17,,17,17,0,15,0,0,0,0,0,0,0,0,,,
1906,CLE,AL,hessot01,Otto Hess,53,,53,53,43,0,0,0,0,0,0,5,0,5,,,
1906,BOS,AL,hoeyja01,Jack Hoey,94,,94,94,0,0,0,0,0,0,94,0,0,94,,,
1906,NYA,AL,hoggbi01,Bill Hogg,28,,28,28,28,0,0,0,0,0,0,0,0,0,,,
1906,CLE,AL,jossad01,Addie Joss,36,,36,36,34,0,0,0,0,0,0,2,0,2,,,
1906,CIN,NL,judefr01,Frank Jude,80,,80,80,0,0,0,0,0,0,0,0,80,80,,,
1906,PHI,NL,kaneha01,Harry Kane,6,,6,6,6,0,0,0,0,0,0,0,0,0,,,
1906,BOS,AL,krohru01,Rube Kroh,1,,1,1,1,0,0,0,0,0,0,0,0,0,,,
1906,PHA,AL,lordbr01,Bris Lord,118,,118,118,0,0,0,0,0,0,5,103,7,115,,,
1906,DET,AL,lowebo01,Bobby Lowe,41,,41,41,0,0,0,17,5,19,0,0,0,0,,,
1906,PHI,NL,lushjo01,Johnny Lush,76,,76,76,37,0,2,0,0,0,0,6,16,22,,,
1906,WS1,AL,nillra01,Rabbit Nill,89,,89,89,0,0,0,25,15,31,0,15,0,15,,,
1906,NYA,AL,orthal01,Al Orth,47,,47,47,45,0,0,0,0,0,0,0,1,1,,,
1906,CHA,AL,owenfr01,Frank Owen,42,,42,42,42,0,0,0,0,0,0,0,0,0,,,
1906,SLN,NL,raubto01,Tommy Raub,24,,24,24,0,22,0,0,0,0,0,0,0,0,,,
1906,CHA,AL,rohege01,George Rohe,77,,77,77,0,0,0,5,57,0,1,0,0,1,,,
1906,CHA,AL,rothfr01,Frank Roth,16,,16,16,0,15,0,0,0,0,0,0,0,0,,,
1906,PHI,NL,wardjo04,Joe Ward,35,,35,35,0,0,0,3,27,1,0,0,0,0,,,
1906,PIT,NL,abstebi01,Bill Abstein,8,,8,8,0,0,0,3,0,0,0,0,2,2,,,
1906,SLN,NL,adamsba01,Babe Adams,1,,1,1,1,0,0,0,0,0,0,0,0,0,,,
1906,BRO,NL,alperwh01,Whitey Alpermann,128,,128,128,0,0,0,103,1,24,0,0,0,0,,,
1906,WS1,AL,altizda01,Dave Altizer,115,,115,115,0,0,0,0,0,113,0,0,2,2,,,
1906,CHA,AL,altroni01,Nick Altrock,38,,38,38,38,0,1,0,0,0,0,0,0,0,,,
1906,WS1,AL,anderjo01,John Anderson,151,,151,151,0,0,0,0,0,0,151,0,0,151,,,
1906,BOS,AL,armbrch01,Charlie Armbruster,72,,72,72,0,66,1,0,0,0,0,0,0,0,,,
1906,PHA,AL,armbrha01,Harry Armbruster,91,,91,91,0,0,0,0,0,0,0,40,34,74,,,
1906,SLN,NL,arndtha01,Harry Arndt,69,,69,69,0,0,1,0,65,0,0,0,1,1,,,
1906,CLE,AL,barbeja01,Jap Barbeau,42,,42,42,0,0,0,0,32,6,0,0,0,0,,,
1906,NYA,AL,bargecy01,Cy Barger,2,,2,2,2,0,0,0,0,0,0,0,0,0,,,
1906,CIN,NL,barreji01,Jimmy Barrett,5,,5,5,0,0,0,0,0,0,0,0,4,4,,,
1906,BOS,AL,barryed01,Ed Barry,3,,3,3,3,0,0,0,0,0,0,0,0,0,,,
1906,SLN,NL,barrysh01,Shad Barry,62,,62,62,0,0,21,0,6,0,0,0,35,35,,,
1906,CIN,NL,barrysh01,Shad Barry,73,,73,73,0,0,43,0,0,0,14,7,9,30,,,
1906,PHA,AL,bartlbi01,Bill Bartley,3,,3,3,3,0,0,0,0,0,0,0,0,0,,,
1906,BRO,NL,batchem01,Emil Batch,59,,59,59,0,0,0,0,2,0,47,0,3,50,,,
1906,BSN,NL,batesjo02,Johnny Bates,140,,140,140,0,0,0,0,0,0,7,133,0,140,,,
1906,PIT,NL,beaumgi01,Ginger Beaumont,80,,80,80,0,0,0,0,0,0,0,78,0,78,,,
1906,SLN,NL,becklja01,Jake Beckley,87,,87,87,0,0,85,0,0,0,0,0,0,0,,,
1906,CHN,NL,beebefr01,Fred Beebe,14,,14,14,14,0,0,0,0,0,0,0,0,0,,,
1906,SLN,NL,beebefr01,Fred Beebe,20,,20,20,20,0,0,0,0,0,0,0,0,0,,,
1906,CLE,AL,bemisha01,Harry Bemis,93,,93,93,0,81,0,0,0,0,0,0,0,0,,,
1906,PHA,AL,bendech01,Chief Bender,44,,44,44,36,0,0,0,0,0,0,4,0,4,,,
1906,SLN,NL,bennepu01,Pug Bennett,153,,153,153,0,0,0,153,0,0,0,0,0,0,,,
1906,BRO,NL,bergebi01,Bill Bergen,103,,103,103,0,103,0,0,0,0,0,0,0,0,,,
1906,CLE,AL,bernhbi01,Bill Bernhard,31,,31,31,31,0,0,0,0,0,0,0,0,0,,,
1906,PHA,AL,berrycl01,Claude Berry,10,,10,10,0,10,0,0,0,0,0,0,0,0,,,
1906,CLE,AL,birmijo01,Joe Birmingham,10,,10,10,0,0,0,0,1,0,9,0,0,9,,,
1906,NY1,NL,bowerfr01,Frank Bowerman,103,,103,103,0,67,20,0,0,0,0,0,0,0,,,
1906,CLE,AL,bradlbi01,Bill Bradley,82,,82,82,0,0,0,0,82,0,0,0,0,0,,,
1906,PIT,NL,bradyki01,King Brady,3,,3,3,3,0,0,0,0,0,0,0,0,0,,,
1906,BSN,NL,brainda01,Dave Brain,139,,139,139,0,0,0,0,139,0,0,0,0,0,,,
1906,PHI,NL,branski01,Kitty Bransfield,140,,140,140,0,0,139,0,0,0,0,0,0,0,,,
1906,NY1,NL,bresnro01,Roger Bresnahan,124,,124,124,0,82,0,0,0,0,0,39,3,40,,,
1906,BSN,NL,bridwal01,Al Bridwell,120,,120,120,0,0,0,0,0,119,0,0,1,1,,,
1906,PHA,AL,broutar01,Art Brouthers,37,,37,37,0,0,0,1,35,0,0,0,0,0,,,
1906,SLN,NL,brownbu01,Buster Brown,32,,32,32,32,0,0,0,0,0,0,0,0,0,,,
1906,NY1,NL,brownge01,George Browne,122,,122,122,0,0,0,0,0,0,0,0,121,121,,,
1906,CHN,NL,brownmo01,Mordecai Brown,36,,36,36,36,0,0,0,0,0,0,0,0,0,,,
1906,BSN,NL,brownsa01,Sam Brown,71,,71,71,0,35,3,2,12,0,6,4,1,13,,,
1906,CLE,AL,buelofr01,Fritz Buelow,34,,34,34,0,33,1,0,0,0,0,0,0,0,,,
1906,SLN,NL,burchal01,Al Burch,91,,91,91,0,0,0,0,0,0,0,58,33,91,,,
1906,NY1,NL,burkefr01,Frank Burke,8,,8,8,0,0,0,0,0,0,0,3,1,4,,,
1906,BRO,NL,butlejo01,John Butler,1,,1,1,0,1,0,0,0,0,0,0,0,0,,,
1906,PHA,AL,byrneji01,Jim Byrnes,10,,10,10,0,9,0,0,0,0,0,0,0,0,,,
1906,CLE,AL,caffybe01,Ben Caffyn,30,,30,30,0,0,0,0,0,0,28,1,0,29,,,
1906,BSN,NL,camerja01,Jack Cameron,18,,18,18,2,0,0,0,0,0,15,0,1,16,,,
1906,PIT,NL,camniho01,Howie Camnitz,2,,2,2,2,0,0,0,0,0,0,0,0,0,,,
1906,PIT,NL,carisfr01,Fred Carisch,4,,4,4,0,4,0,0,0,0,0,0,0,0,,,
1906,BOS,AL,carribi02,Bill Carrigan,37,,37,37,0,35,0,0,0,0,0,0,0,0,,,
1906,BRO,NL,caseydo01,Doc Casey,149,,149,149,0,0,0,0,149,0,0,0,0,0,,,
1906,BOS,AL,chadbch01,Chet Chadbourne,11,,11,11,0,0,0,11,0,1,0,0,0,0,,,
1906,CHN,NL,chancfr01,Frank Chance,136,,136,136,0,0,136,0,0,0,0,0,0,0,,,
1906,NYA,AL,chaseha01,Hal Chase,151,,151,151,0,0,150,1,0,0,0,0,0,0,,,
1906,CIN,NL,chechch01,Charlie Chech,11,,11,11,11,0,0,0,0,0,0,0,0,0,,,
1906,NYA,AL,chesbja01,Jack Chesbro,49,,49,49,49,0,0,0,0,0,0,0,0,0,,,
1906,PIT,NL,clarkfr01,Fred Clarke,118,,118,118,0,0,0,0,0,0,110,0,0,110,,,
1906,CLE,AL,clarkni01,Nig Clarke,57,,57,57,0,54,0,0,0,0,0,0,0,0,,,
1906,NYA,AL,clarkwa01,Walter Clarkson,32,,32,32,32,0,0,0,0,0,0,0,0,0,,,
1906,PIT,NL,clymeot01,Otis Clymer,11,,11,11,0,0,0,0,0,0,0,0,11,11,,,
1906,PHA,AL,coaklan01,Andy Coakley,22,,22,22,22,0,0,0,0,0,0,0,0,0,,,
1906,PHA,AL,collied01,Eddie Collins,6,,6,6,0,0,0,1,1,3,0,0,0,0,,,
1906,BOS,AL,colliji01,Jimmy Collins,37,,37,37,0,0,0,0,32,0,0,0,0,0,,,
1906,CLE,AL,congabu01,Bunk Congalton,117,,117,117,0,0,0,0,0,0,21,1,93,114,,,
1906,BSN,NL,connafr01,Frank Connaughton,12,,12,12,0,0,0,1,0,11,0,0,0,0,,,
1906,NYA,AL,conrowi01,Wid Conroy,148,,148,148,0,0,0,0,2,49,37,66,0,97,,,
1906,PHA,AL,coombja01,Jack Coombs,24,,24,24,23,0,0,0,0,0,0,0,0,0,,,
1906,CIN,NL,corcoto01,Tommy Corcoran,117,,117,117,0,0,0,0,0,117,0,0,0,0,,,
1906,DET,AL,coughbi01,Bill Coughlin,147,,147,147,0,0,0,0,147,0,0,0,0,0,,,
1906,PHI,NL,courter01,Ernie Courtney,116,,116,116,0,0,13,0,96,1,0,0,3,3,,,
1906,SLN,NL,crawffo01,Forrest Crawford,45,,45,45,0,0,0,0,6,39,0,0,0,0,,,
1906,DET,AL,crawfsa01,Sam Crawford,145,,145,145,0,0,32,0,0,0,0,2,116,116,,,
1906,BOS,AL,crigelo01,Lou Criger,7,,7,7,0,6,0,0,0,0,0,0,0,0,,,
1906,PHI,NL,cristch01,Ches Crist,6,,6,6,0,6,0,0,0,0,0,0,0,0,,,
1906,WS1,AL,crossla01,Lave Cross,130,,130,130,0,0,0,0,130,0,0,0,0,0,,,
1906,PHA,AL,crossmo01,Monte Cross,134,,134,134,0,0,0,0,0,134,0,0,0,0,,,
1906,PHA,AL,cunnimi01,Mike Cunningham,6,,6,6,5,0,0,0,0,0,0,0,0,0,,,
1906,NY1,NL,dahlebi01,Bill Dahlen,143,,143,143,0,0,0,0,0,143,0,0,0,0,,,
1906,CHA,AL,davisge01,George Davis,133,,133,133,0,0,0,1,0,129,0,0,0,0,,,
1906,PHA,AL,davisha01,Harry Davis,145,,145,145,0,0,145,0,0,0,0,0,0,0,,,
1906,SLN,NL,degroru01,Rube DeGroff,1,,1,1,0,0,0,0,0,0,0,0,1,1,,,
1906,NYA,AL,delahfr01,Frank Delahanty,92,,92,92,0,0,0,0,0,0,86,0,0,86,,,
1906,CIN,NL,delahji01,Jim Delahanty,115,,115,115,0,0,0,0,105,5,2,0,0,2,,,
1906,NY1,NL,devliar01,Art Devlin,148,,148,148,0,0,0,0,148,0,0,0,0,0,,,
1906,BSN,NL,diehler01,Ernie Diehl,3,,3,3,0,0,0,0,0,1,2,0,0,2,,,
1906,BOS,AL,dinnebi01,Bill Dinneen,28,,28,28,28,0,0,0,0,0,0,0,0,0,,,
1906,BSN,NL,dolanco01,Cozy Dolan,152,,152,152,2,0,1,7,0,0,2,0,143,144,,,
1906,CHA,AL,donahji02,Jiggs Donahue,154,,154,154,0,0,154,0,0,0,0,0,0,0,,,
1906,DET,AL,donahre01,Red Donahue,29,,29,29,28,0,0,0,0,0,0,0,1,1,,,
1906,NY1,NL,donlimi01,Mike Donlin,37,,37,37,0,0,1,0,0,0,0,29,0,29,,,
1906,DET,AL,donovbi01,Bill Donovan,28,,28,28,25,0,0,3,0,0,0,1,0,1,,,
1906,PHI,NL,donovje01,Jerry Donovan,61,,61,61,0,53,0,0,0,1,1,0,0,1,,,
1906,BRO,NL,donovpa01,Patsy Donovan,7,,7,7,0,0,0,0,0,0,0,0,6,6,,,
1906,PHI,NL,dooinre01,Red Dooin,113,,113,113,0,107,0,0,0,0,0,0,0,0,,,
1906,PHI,NL,doolami01,Mickey Doolin,154,,154,154,0,0,0,0,0,154,0,0,0,0,,,
1906,BOS,AL,doranto01,Tom Doran,2,,2,2,0,2,0,0,0,0,0,0,0,0,,,
1906,BSN,NL,dornegu01,Gus Dorner,34,,34,34,34,0,0,0,0,0,0,0,0,0,,,
1906,CIN,NL,dornegu01,Gus Dorner,2,,2,2,2,0,0,0,0,0,0,0,0,0,,,
1906,BRO,NL,doschja01,Jack Doscher,2,,2,2,2,0,0,0,0,0,0,0,0,0,,,
1906,CHA,AL,doughpa01,Patsy Dougherty,75,,75,75,0,0,0,0,0,0,74,0,0,74,,,
1906,NYA,AL,doughpa01,Patsy Dougherty,12,,12,12,0,0,0,0,0,0,12,0,0,12,,,
1906,NYA,AL,doylesl01,Slow Joe Doyle,9,,9,9,9,0,0,0,0,0,0,0,0,0,,,
1906,CIN,NL,druhoca01,Carl Druhot,4,,4,4,4,0,0,0,0,0,0,0,0,0,,,
1906,SLN,NL,druhoca01,Carl Druhot,15,,15,15,15,0,0,0,0,0,0,0,0,0,,,
1906,PHI,NL,duffyhu01,Hugh Duffy,1,,1,1,0,0,0,0,0,0,0,0,0,0,,,
1906,PHI,NL,dugglbi01,Bill Duggleby,43,,43,43,42,0,0,0,0,0,0,0,0,0,,,
1906,CHA,AL,dundogu01,Gus Dundon,33,,33,33,0,0,0,18,0,14,0,0,0,0,,,
1906,PHA,AL,dygerji01,Jimmy Dygert,35,,35,35,35,0,0,0,0,0,0,0,0,0,,,
1906,BRO,NL,easonma01,Mal Eason,37,,37,37,34,0,0,0,0,0,1,0,1,2,,,
1906,WS1,AL,edmonbo01,Bob Edmondson,3,,3,3,2,0,0,0,0,0,0,0,1,1,,,
1906,CLE,AL,eellsha01,Harry Eells,14,,14,14,14,0,0,0,0,0,0,0,0,0,,,
1906,NYA,AL,elberki01,Kid Elberfeld,99,,99,99,0,0,0,0,0,98,0,0,0,0,,,
1906,CIN,NL,essicbi01,Bill Essick,6,,6,6,6,0,0,0,0,0,0,0,0,0,,,
1906,DET,AL,eubanjo01,John Eubank,28,,28,28,24,0,0,1,0,0,0,0,2,2,,,
1906,CHN,NL,eversjo01,Johnny Evers,154,,154,154,0,0,0,153,1,0,0,0,0,0,,,
1906,CIN,NL,ewingbo01,Bob Ewing,33,,33,33,33,0,0,0,0,0,0,0,0,0,,,
1906,WS1,AL,falkecy01,Cy Falkenberg,40,,40,40,40,0,0,0,0,0,0,0,0,0,,,
1906,NY1,NL,ferguge01,Cecil Ferguson,22,,22,22,22,0,0,0,0,0,0,0,0,0,,,
1906,BOS,AL,ferriho01,Hobe Ferris,130,,130,130,0,0,0,126,4,0,0,0,0,0,,,
1906,PHA,AL,fetzewi01,Willy Fetzer,1,,1,1,0,0,0,0,0,0,0,0,0,0,,,
1906,CHA,AL,fienelo01,Lou Fiene,6,,6,6,6,0,0,0,0,0,0,0,0,0,,,
1906,NY1,NL,fitzgma01,Matty Fitzgerald,4,,4,4,0,3,0,0,0,0,0,0,0,0,,,
1906,CLE,AL,flickel01,Elmer Flick,157,,157,157,0,0,0,8,0,0,0,86,65,150,,,
1906,CIN,NL,frasech01,Chick Fraser,31,,31,31,31,0,0,0,0,0,0,0,0,0,,,
1906,BOS,AL,freembu01,Buck Freeman,121,,121,121,0,0,43,0,4,0,0,3,62,65,,,
1906,SLN,NL,frommar01,Art Fromme,3,,3,3,3,0,0,0,0,0,0,0,0,0,,,
1906,PIT,NL,ganlebo01,Bob Ganley,137,,137,137,0,0,0,0,0,0,0,12,122,134,,,
1906,BRO,NL,gessldo01,Doc Gessler,9,,9,9,0,0,9,0,0,0,0,0,0,0,,,
1906,CHN,NL,gessldo01,Doc Gessler,34,,34,34,0,0,1,0,0,0,0,19,2,21,,,
1906,PIT,NL,gibsoge01,George Gibson,81,,81,81,0,81,0,0,0,0,0,0,0,0,,,
1906,BOS,AL,gibsono01,Norwood Gibson,5,,5,5,5,0,0,0,0,0,0,0,0,0,,,
1906,NY1,NL,gilbebi02,Billy Gilbert,104,,104,104,0,0,0,98,0,0,0,0,0,0,,,
1906,SLA,AL,gladefr01,Fred Glade,35,,35,35,35,0,0,0,0,0,0,0,0,0,,,
1906,BOS,AL,glazera01,Ralph Glaze,22,,22,22,19,0,0,0,1,0,0,0,0,0,,,
1906,PHI,NL,gleaski01,Kid Gleason,135,,135,135,0,0,0,135,0,0,0,0,0,0,,,
1906,BOS,AL,godwijo01,John Godwin,66,,66,66,0,0,1,3,27,14,0,1,9,10,,,
1906,WS1,AL,goodwcl01,Clyde Goodwin,4,,4,4,4,0,0,0,0,0,0,0,0,0,,,
1906,SLN,NL,gradymi01,Mike Grady,97,,97,97,0,60,38,0,0,0,0,0,0,0,,,
1906,BOS,AL,grahach01,Charlie Graham,30,,30,30,0,27,0,0,0,0,0,0,0,0,,,
1906,NYA,AL,griffcl01,Clark Griffith,17,,17,17,17,0,0,0,0,0,0,0,0,0,,,
1906,BOS,AL,grimsmy01,Moose Grimshaw,110,,110,110,0,0,110,0,0,0,0,0,0,0,,,
1906,CIN,NL,haffole01,Leo Hafford,3,,3,3,3,0,0,0,0,0,0,0,0,0,,,
1906,PIT,NL,hallmbi02,Bill Hallman,23,,23,23,0,0,0,0,0,0,8,15,0,23,,,
1906,NY1,NL,hannija01,Jack Hannifin,10,,10,10,0,0,0,1,3,6,0,0,0,0,,,
1906,PHA,AL,hannija01,Jack Hannifin,1,,1,1,0,0,0,0,0,0,0,0,0,0,,,
1906,WS1,AL,hardyha01,Harry Hardy,5,,5,5,5,0,0,0,0,0,0,0,0,0,,,
1906,CIN,NL,harpeja01,Jack Harper,5,,5,5,5,0,0,0,0,0,0,0,0,0,,,
1906,CHN,NL,harpeja01,Jack Harper,1,,1,1,1,0,0,0,0,0,0,0,0,0,,,
1906,BOS,AL,harrijo02,Joe Harris,30,,30,30,30,0,0,0,0,0,0,0,0,0,,,
1906,PHA,AL,hartsto01,Topsy Hartsel,144,,144,144,0,0,0,0,0,0,144,0,0,144,,,
1906,SLA,AL,hartzro01,Roy Hartzell,113,,113,113,0,0,0,2,103,6,0,0,0,0,,,
1906,BOS,AL,haydeja01,Jack Hayden,85,,85,85,0,0,0,0,0,0,0,0,85,85,,,
1906,SLA,AL,hemphch01,Charlie Hemphill,154,,154,154,0,0,0,0,0,0,0,114,40,154,,,
1906,CHA,AL,hemphfr01,Frank Hemphill,13,,13,13,0,0,0,0,0,0,13,0,0,13,,,
1906,DET,AL,hetligu01,Gus Hetling,2,,2,2,0,0,0,0,2,0,0,0,0,0,,,
1906,WS1,AL,heydomi01,Mike Heydon,49,,49,49,0,49,0,0,0,0,0,0,0,0,,,
1906,WS1,AL,hickmch01,Charlie Hickman,120,,120,120,0,0,18,1,5,0,0,0,95,95,,,
1906,SLN,NL,higgiir01,Irv Higginbotham,7,,7,7,7,0,0,0,0,0,0,0,0,0,,,
1906,PIT,NL,hilleho01,Homer Hillebrand,7,,7,7,7,0,0,0,0,0,0,0,0,0,,,
1906,SLN,NL,himesja01,Jack Himes,40,,40,40,0,0,0,0,0,0,0,32,8,40,,,
1906,CIN,NL,hinchbi01,Bill Hinchman,18,,18,18,0,0,0,0,0,0,8,0,8,16,,,
1906,SLN,NL,hoelsar01,Art Hoelskoetter,94,,94,94,12,0,0,1,53,16,1,1,11,12,,,
1906,NYA,AL,hoffmda01,Danny Hoffman,100,,100,100,0,0,0,0,0,0,0,98,0,98,,,
1906,PHA,AL,hoffmda01,Danny Hoffman,7,,7,7,0,0,0,0,0,0,0,7,0,7,,,
1906,CHN,NL,hofmaso01,Solly Hofman,64,,64,64,0,0,21,4,4,9,1,17,6,23,,,
1906,SLN,NL,hollyed01,Ed Holly,10,,10,10,0,0,0,0,0,10,0,0,0,0,,,
1906,SLN,NL,holmedu02,Ducky Holmes,9,,9,9,0,9,0,0,0,0,0,0,0,0,,,
1906,PHA,AL,holmeji01,Jim Holmes,3,,3,3,3,0,0,0,0,0,0,0,0,0,,,
1906,BSN,NL,howarde01,Del Howard,147,,147,147,0,0,2,45,0,14,87,0,0,87,,,
1906,SLA,AL,howelha01,Harry Howell,35,,35,35,35,0,0,0,0,0,0,0,0,0,,,
1906,CIN,NL,huggimi01,Miller Huggins,146,,146,146,0,0,0,146,0,0,0,0,0,0,,,
1906,BOS,AL,hugheed01,Ed Hughes,2,,2,2,2,0,0,0,0,0,0,0,0,0,,,
1906,WS1,AL,hugheto01,Tom Hughes,30,,30,30,30,0,0,0,0,0,0,0,0,0,,,
1906,NYA,AL,hugheto02,Tom Hughes,3,,3,3,3,0,0,0,0,0,0,0,0,0,,,
1906,BRO,NL,hummejo01,John Hummel,97,,97,97,0,0,15,50,0,0,15,1,4,21,,,
1906,PHI,NL,hustoha01,Harry Huston,2,,2,2,0,2,0,0,0,0,0,0,0,0,,,
1906,CHA,AL,isbelfr01,Frank Isbell,143,,143,143,1,1,0,132,0,0,4,7,3,14,,,
1906,CLE,AL,jacksji01,Jim Jackson,105,,105,105,0,0,0,0,0,0,103,1,0,104,,,
1906,SLA,AL,jacobbe01,Beany Jacobson,24,,24,24,24,0,0,0,0,0,0,0,0,0,,,
1906,WS1,AL,jonesch03,Charlie Jones,131,,131,131,0,0,0,1,0,0,0,128,0,128,,,
1906,DET,AL,jonesda01,Davy Jones,84,,84,84,0,0,0,0,0,0,0,82,1,83,,,
1906,CHA,AL,jonesfi01,Fielder Jones,144,,144,144,0,0,0,0,0,0,0,144,0,144,,,
1906,SLA,AL,jonesto01,Tom Jones,144,,144,144,0,0,143,0,0,0,0,0,0,0,,,
1906,BRO,NL,jordati01,Tim Jordan,129,,129,129,0,0,126,0,0,0,0,0,0,0,,,
1906,PIT,NL,kargeed01,Ed Karger,6,,6,6,6,0,0,0,0,0,0,0,0,0,,,
1906,SLN,NL,kargeed01,Ed Karger,25,,25,25,25,0,0,0,0,0,0,0,0,0,,,
1906,NYA,AL,keelewi01,Willie Keeler,152,,152,152,0,0,0,0,0,0,1,0,151,152,,,
1906,CIN,NL,kellejo01,Joe Kelley,129,,129,129,0,0,3,0,1,1,122,0,0,122,,,
1906,DET,AL,killied01,Ed Killian,21,,21,21,21,0,0,0,0,0,0,0,0,0,,,
1906,WS1,AL,kitsofr01,Frank Kitson,33,,33,33,30,0,0,0,0,0,0,0,0,0,,,
1906,WS1,AL,kittrma01,Malachi Kittridge,22,,22,22,0,22,0,0,0,0,0,0,0,0,,,
1906,CLE,AL,kittrma01,Malachi Kittridge,5,,5,5,0,5,0,0,0,0,0,0,0,0,,,
1906,NYA,AL,kleinre01,Red Kleinow,96,,96,96,0,95,1,0,0,0,0,0,0,0,,,
1906,CHN,NL,klingjo01,Johnny Kling,107,,107,107,0,96,0,0,0,0,0,0,3,3,,,
1906,PHA,AL,knighjo02,John Knight,74,,74,74,0,0,0,7,67,0,0,0,0,0,,,
1906,BRO,NL,knollhu01,Hub Knolls,2,,2,2,2,0,0,0,0,0,0,0,0,0,,,
1906,SLA,AL,koehlbe01,Ben Koehler,66,,66,66,0,0,0,7,1,1,1,34,17,52,,,
1906,CLE,AL,lajoina01,Nap Lajoie,152,,152,152,0,0,0,130,15,7,0,0,0,0,,,
1906,NYA,AL,laporfr01,Frank LaPorte,123,,123,123,0,0,0,5,114,0,1,0,0,1,,,
1906,PIT,NL,leachto01,Tommy Leach,133,,133,133,0,0,0,0,65,1,15,44,1,60,,,
1906,PIT,NL,leevesa01,Sam Leever,36,,36,36,36,0,0,0,0,0,0,0,0,0,,,
1906,PIT,NL,leifile01,Lefty Leifield,37,,37,37,37,0,0,0,0,0,0,0,0,0,,,
1906,PHA,AL,lennoed01,Ed Lennox,6,,6,6,0,0,0,0,6,0,0,0,0,0,,,
1906,NYA,AL,leroylo01,Louis LeRoy,11,,11,11,11,0,0,0,0,0,0,0,0,0,,,
1906,BRO,NL,lewisph01,Phil Lewis,136,,136,136,0,0,0,0,0,135,0,0,0,0,,,
1906,CLE,AL,liebhgl01,Glenn Liebhardt,2,,2,2,2,0,0,0,0,0,0,0,0,0,,,
1906,BSN,NL,lindavi01,Vive Lindaman,39,,39,39,39,0,0,0,0,0,0,0,0,0,,,
1906,DET,AL,lindsch01,Chris Lindsay,141,,141,141,0,0,122,17,1,0,0,0,0,0,,,
1906,CIN,NL,livinpa01,Paddy Livingston,50,,50,50,0,47,0,0,0,0,0,0,0,0,,,
1906,CIN,NL,loberha01,Hans Lobert,79,,79,79,0,0,0,10,35,31,0,1,0,1,,,
1906,BRO,NL,lumleha01,Harry Lumley,133,,133,133,0,0,0,0,0,0,0,0,131,131,,,
1906,CHN,NL,lundgca01,Carl Lundgren,28,,28,28,27,0,0,1,0,0,0,0,0,0,,,
1906,PIT,NL,lynchmi02,Mike Lynch,18,,18,18,18,0,0,0,0,0,0,0,0,0,,,
1906,BSN,NL,maddeto01,Tommy Madden,4,,4,4,0,0,0,0,0,0,4,0,0,4,,,
1906,PHI,NL,mageesh01,Sherry Magee,154,,154,154,0,0,0,0,0,0,154,0,0,154,,,
1906,BRO,NL,malonbi01,Billy Maloney,151,,151,151,0,0,0,0,0,0,0,149,2,151,,,
1906,PIT,NL,mansklo01,Lou Manske,2,,2,2,2,0,0,0,0,0,0,0,0,0,,,
1906,SLN,NL,marshdo01,Doc Marshall,39,,39,39,0,38,0,0,0,0,0,0,0,0,,,
1906,NY1,NL,marshdo01,Doc Marshall,38,,38,38,0,13,2,0,0,0,1,3,13,16,,,
1906,SLN,NL,marshjo01,Joe Marshall,33,,33,33,0,0,4,0,0,0,0,0,23,23,,,
1906,CIN,NL,masonde01,Del Mason,2,,2,2,2,0,0,0,0,0,0,0,0,0,,,
1906,NY1,NL,mathech01,Christy Mathewson,38,,38,38,38,0,0,0,0,0,0,0,0,0,,,
1906,NY1,NL,mathehe01,Henry Mathewson,2,,2,2,2,0,0,0,0,0,0,0,0,0,,,
1906,PIT,NL,maxwebe01,Bert Maxwell,1,,1,1,1,0,0,0,0,0,0,0,0,0,,,
1906,SLN,NL,mcbrige01,George McBride,90,,90,90,0,0,0,0,0,90,0,0,0,0,,,
1906,BSN,NL,mccarbi02,William McCarthy,1,,1,1,1,0,0,0,0,0,0,0,0,0,,,
1906,BRO,NL,mccarja01,Jack McCarthy,91,,91,91,0,0,0,0,0,0,83,3,0,86,,,
1906,SLN,NL,mccarjo02,Joe McCarthy,15,,15,15,0,15,0,0,0,0,0,0,0,0,,,
1906,PHI,NL,mcclojo01,John McCloskey,9,,9,9,9,0,0,0,0,0,0,0,0,0,,,
1906,PIT,NL,mcfarch02,Chappie McFarland,6,,6,6,6,0,0,0,0,0,0,0,0,0,,,
1906,BRO,NL,mcfarch02,Chappie McFarland,1,,1,1,1,0,0,0,0,0,0,0,0,0,,,
1906,SLN,NL,mcfarch02,Chappie McFarland,6,,6,6,6,0,0,0,0,0,0,0,0,0,,,
1906,CHA,AL,mcfared01,Ed McFarland,12,,12,12,0,7,0,0,0,0,0,0,0,0,,,
1906,NY1,NL,mcganda01,Dan McGann,134,,134,134,0,0,133,0,0,0,0,0,0,0,,,
1906,NY1,NL,mcginjo01,Joe McGinnity,45,,45,45,45,0,0,0,0,0,0,0,0,0,,,
1906,SLN,NL,mcglyst01,Stoney McGlynn,6,,6,6,6,0,0,0,0,0,0,0,0,0,,,
1906,NY1,NL,mcgrajo01,John McGraw,4,,4,4,0,0,0,0,1,0,0,0,0,0,,,
1906,NYA,AL,mcguide01,Deacon McGuire,51,,51,51,0,49,1,0,0,0,0,0,0,0,,,
1906,PIT,NL,mcilvir01,Irish McIlveen,5,,5,5,2,0,0,0,0,0,0,0,0,0,,,
1906,BRO,NL,mcintha01,Harry McIntire,45,,45,45,39,0,0,0,0,0,2,0,1,3,,,
1906,DET,AL,mcintma01,Matty McIntyre,133,,133,133,0,0,0,0,0,0,132,1,0,133,,,
1906,CIN,NL,mcleala01,Larry McLean,12,,12,12,0,12,0,0,0,0,0,0,0,0,,,
1906,PIT,NL,meierdu01,Dutch Meier,82,,82,82,0,0,0,0,0,17,29,6,18,52,,,
1906,SLN,NL,mertesa01,Sam Mertes,53,,53,53,0,0,0,0,0,0,53,0,0,53,,,
1906,NY1,NL,mertesa01,Sam Mertes,71,,71,71,0,0,0,0,0,0,71,0,1,71,,,
1906,CLE,AL,mooreea01,Earl Moore,5,,5,5,5,0,0,0,0,0,0,0,0,0,,,
1906,CHN,NL,moranpa01,Pat Moran,70,,70,70,0,61,0,0,0,0,0,0,0,0,,,
1906,BOS,AL,morgare01,Red Morgan,88,,88,88,0,0,0,0,88,0,0,0,0,0,,,
1906,NYA,AL,moriage02,George Moriarty,65,,65,65,0,0,5,1,39,0,14,2,0,15,,,
1906,BSN,NL,moronji01,Jim Moroney,3,,3,3,3,0,0,0,0,0,0,0,0,0,,,
1906,PHI,NL,moserwa01,Walter Moser,6,,6,6,6,0,0,0,0,0,0,0,0,0,,,
1906,CIN,NL,mowremi01,Mike Mowrey,21,,21,21,0,0,0,1,15,1,0,0,0,0,,,
1906,DET,AL,mullige01,George Mullin,50,,50,50,40,0,0,1,0,0,0,0,1,1,,,
1906,PHA,AL,murphda02,Danny Murphy,119,,119,119,0,0,0,119,0,0,0,0,0,0,,,
1906,SLN,NL,murrare01,Red Murray,46,,46,46,0,7,0,0,0,0,4,11,20,34,,,
1906,PIT,NL,nealoji01,Joe Nealon,154,,154,154,0,0,154,0,0,0,0,0,0,0,,,
1906,BSN,NL,needhto01,Tom Needham,83,,83,83,0,76,2,5,1,0,0,1,0,1,,,
1906,NYA,AL,newtodo01,Doc Newton,21,,21,21,21,0,0,0,0,0,0,0,0,0,,,
1906,PHI,NL,nichoki01,Kid Nichols,4,,4,4,4,0,0,0,0,0,0,0,0,0,,,
1906,PHA,AL,nichosi01,Simon Nicholls,12,,12,12,0,0,0,0,0,12,0,0,0,0,,,
1906,SLA,AL,nilesha01,Harry Niles,142,,142,142,0,0,0,0,34,0,0,6,102,108,,,
1906,SLN,NL,noonape01,Pete Noonan,44,,44,44,0,23,16,0,0,0,0,0,0,0,,,
1906,CHN,NL,noonape01,Pete Noonan,5,,5,5,0,0,1,0,0,0,0,0,0,0,,,
1906,SLA,AL,nordylo01,Lou Nordyke,25,,25,25,0,0,12,0,0,0,0,0,0,0,,,
1906,BOS,AL,oberlfr01,Frank Oberlin,4,,4,4,4,0,0,0,0,0,0,0,0,0,,,
1906,SLA,AL,obriepe02,Pete O'Brien,151,,151,151,0,0,0,120,20,11,0,0,0,0,,,
1906,SLA,AL,oconnja01,Jack O'Connor,55,,55,55,0,51,0,0,0,0,0,0,0,0,,,
1906,CIN,NL,odwelfr01,Fred Odwell,58,,58,58,0,0,0,0,0,0,0,0,57,57,,,
1906,SLN,NL,oharato01,Tom O'Hara,14,,14,14,0,0,0,0,0,0,14,0,0,14,,,
1906,PHA,AL,oldriru01,Rube Oldring,59,,59,59,0,0,1,2,49,3,0,0,0,0,,,
1906,DET,AL,olearch01,Charley O'Leary,128,,128,128,0,0,0,0,0,127,0,0,0,0,,,
1906,CHA,AL,oneilbi01,Bill O'Neill,94,,94,94,0,0,0,0,0,0,0,7,87,93,,,
1906,BSN,NL,oneilja01,Jack O'Neill,61,,61,61,0,48,2,0,0,0,0,0,1,1,,,
1906,CHN,NL,overaor01,Orval Overall,18,,18,18,18,0,0,0,0,0,0,0,0,0,,,
1906,CIN,NL,overaor01,Orval Overall,13,,13,13,13,0,0,0,0,0,0,0,0,0,,,
1906,BOS,AL,parenfr01,Freddy Parent,149,,149,149,0,0,0,6,0,143,0,0,0,0,,,
1906,BRO,NL,pastoji01,Jim Pastorius,29,,29,29,29,0,0,0,0,0,0,0,0,0,,,
1906,WS1,AL,patteca01,Casey Patten,38,,38,38,38,0,0,0,0,0,0,0,0,0,,,
1906,CHA,AL,pattero01,Roy Patterson,21,,21,21,21,0,0,0,0,0,0,0,0,0,,,
1906,DET,AL,paynefr01,Fred Payne,72,,72,72,0,47,0,0,0,0,1,12,4,17,,,
1906,PIT,NL,peitzhe01,Heinie Peitz,40,,40,40,0,38,0,0,0,0,0,0,0,0,,,
1906,SLA,AL,peltyba01,Barney Pelty,34,,34,34,34,0,0,0,0,0,0,0,0,0,,,
1906,BOS,AL,peterbo01,Bob Peterson,39,,39,39,0,30,2,3,0,0,1,0,0,1,,,
1906,BSN,NL,pfeffbi01,Big Jeff Pfeffer,60,,60,60,36,0,0,0,0,0,5,3,7,14,,,
1906,CHN,NL,pfiesja01,Jack Pfiester,31,,31,31,31,0,0,0,0,0,0,0,0,0,,,
1906,CIN,NL,phelped01,Ed Phelps,12,,12,12,0,12,0,0,0,0,0,0,0,0,,,
1906,PIT,NL,phelped01,Ed Phelps,43,,43,43,0,40,0,0,0,0,0,0,0,0,,,
1906,PIT,NL,phillde01,Deacon Phillippe,33,,33,33,33,0,0,0,0,0,0,0,0,0,,,
1906,SLN,NL,phylebi01,Bill Phyle,22,,22,22,0,0,0,0,21,0,0,0,0,0,,,
1906,PHI,NL,pittito01,Togie Pittinger,20,,20,20,20,0,0,0,0,0,0,0,0,0,,,
1906,PHA,AL,planked01,Eddie Plank,26,,26,26,26,0,0,0,0,0,0,0,0,0,,,
1906,SLA,AL,powelja01,Jack Powell,28,,28,28,28,0,0,0,0,0,0,0,0,0,,,
1906,PHA,AL,powerdo01,Doc Powers,58,,58,58,0,57,1,0,0,0,0,0,0,0,,,
1906,SLN,NL,puttmam01,Ambrose Puttmann,4,,4,4,4,0,0,0,0,0,0,0,0,0,,,
1906,CHA,AL,quillle01,Lee Quillin,4,,4,4,0,0,0,0,0,3,0,0,0,0,,,
1906,BRO,NL,reardph01,Phil Reardon,5,,5,5,0,0,0,0,0,0,0,1,3,4,,,
1906,CHN,NL,reulbed01,Ed Reulbach,34,,34,34,33,0,0,0,0,0,0,0,1,1,,,
1906,CLE,AL,rhoadbo01,Bob Rhoads,38,,38,38,38,0,0,0,0,0,0,0,0,0,,,
1906,SLN,NL,rhodech01,Charlie Rhodes,9,,9,9,9,0,0,0,0,0,0,0,0,0,,,
1906,PHI,NL,richile01,Lew Richie,33,,33,33,33,0,0,0,0,0,0,0,0,0,,,
1906,SLA,AL,rickebr01,Branch Rickey,65,,65,65,0,55,0,0,0,0,0,0,1,1,,,
1906,PIT,NL,ritchcl01,Claude Ritchey,152,,152,152,0,0,0,151,0,0,0,0,0,0,,,
1906,BRO,NL,rittele01,Lew Ritter,73,,73,73,0,53,3,0,2,0,5,0,5,9,,,
1906,SLA,AL,rockeik01,Ike Rockenfield,27,,27,27,0,0,0,26,0,0,0,0,0,0,,,
1906,CLE,AL,rossmcl01,Claude Rossman,118,,118,118,0,0,105,0,0,0,0,1,0,1,,,
1906,DET,AL,rowanja01,Jack Rowan,1,,1,1,1,0,0,0,0,0,0,0,0,0,,,
1906,BRO,NL,scanldo01,Doc Scanlan,38,,38,38,38,0,0,0,0,0,0,0,0,0,,,
1906,DET,AL,schaege01,Germany Schaefer,124,,124,124,0,0,0,114,0,7,0,0,0,0,,,
1906,DET,AL,scheifr01,Frank Scheibeck,3,,3,3,0,0,0,3,0,0,0,0,0,0,,,
1906,WS1,AL,schlala01,Larry Schlafly,123,,123,123,0,0,0,123,0,0,0,0,0,0,,,
1906,CIN,NL,schlead01,Admiral Schlei,116,,116,116,0,91,21,0,0,0,0,0,0,0,,,
1906,DET,AL,schmibo01,Boss Schmidt,68,,68,68,0,67,0,0,0,0,0,0,0,0,,,
1906,PHA,AL,schreos01,Ossee Schrecongost,98,,98,98,0,89,4,0,0,0,0,0,0,0,,,
1906,CHN,NL,schulfr01,Frank Schulte,146,,146,146,0,0,0,0,0,0,0,0,146,146,,,
1906,BSN,NL,schulja01,Jack Schulte,2,,2,2,0,0,0,0,0,2,0,0,0,0,,,
1906,PHA,AL,schumha01,Hack Schumann,4,,4,4,4,0,0,0,0,0,0,0,0,0,,,
1906,BOS,AL,selbaki01,Kip Selbach,60,,60,60,0,0,0,0,0,0,58,0,0,58,,,
1906,PHI,NL,sentepa01,Paul Sentell,63,,63,63,0,0,0,19,33,1,0,0,2,2,,,
1906,PHA,AL,seyboso01,Socks Seybold,116,,116,116,0,0,0,0,0,0,0,0,114,114,,,
1906,CIN,NL,seymocy01,Cy Seymour,79,,79,79,0,0,0,0,0,0,0,79,0,79,,,
1906,NY1,NL,seymocy01,Cy Seymour,72,,72,72,0,0,0,0,0,0,0,72,0,72,,,
1906,SLN,NL,shannsp01,Spike Shannon,80,,80,80,0,0,0,0,0,0,80,0,0,80,,,
1906,NY1,NL,shannsp01,Spike Shannon,76,,76,76,0,0,0,0,0,0,76,0,0,76,,,
1906,WS1,AL,shannwa01,Warren Shanabrook,1,,1,1,0,0,0,0,1,0,0,0,0,0,,,
1906,PHA,AL,sheanda01,Dave Shean,22,,22,22,0,0,0,22,0,0,0,0,0,0,,,
1906,CHN,NL,sheckji01,Jimmy Sheckard,149,,149,149,0,0,0,0,0,0,149,0,0,149,,,
1906,PIT,NL,sheehto01,Tommy Sheehan,95,,95,95,0,0,0,0,90,0,0,0,0,0,,,
1906,CLE,AL,shipkbi01,Bill Shipke,2,,2,2,0,0,0,2,0,0,0,0,0,0,,,
1906,CIN,NL,siegljo01,Johnny Siegle,22,,22,22,0,0,0,0,0,0,7,14,0,21,,,
1906,DET,AL,sieveed01,Ed Siever,30,,30,30,30,0,0,0,0,0,0,0,0,0,,,
1906,CHN,NL,slaglji01,Jimmy Slagle,127,,127,127,0,0,0,0,0,0,4,123,0,127,,,
1906,SLN,NL,slattja01,Jack Slattery,3,,3,3,0,2,0,0,0,0,0,0,0,0,,,
1906,NY1,NL,smithal01,Aleck Smith,16,,16,16,0,8,3,0,0,0,0,0,1,1,,,
1906,CHN,NL,smithbu01,Bull Smith,1,,1,1,0,0,0,0,0,0,0,0,0,0,,,
1906,WS1,AL,smithch02,Charlie Smith,33,,33,33,33,0,0,0,0,0,0,0,0,0,,,
1906,SLA,AL,smithed03,Ed Smith,19,,19,19,19,0,0,0,0,0,0,0,0,0,,,
1906,CHA,AL,smithfr03,Frank Smith,20,,20,20,20,0,0,0,0,0,0,0,0,0,,,
1906,PIT,NL,smithha03,Harry Smith,1,,1,1,0,1,0,0,0,0,0,0,0,0,,,
1906,SLN,NL,smootho01,Homer Smoot,86,,86,86,0,0,0,0,0,0,0,55,31,86,,,
1906,CIN,NL,smootho01,Homer Smoot,60,,60,60,0,0,0,0,0,0,4,55,0,59,,,
1906,PHI,NL,sparktu01,Tully Sparks,42,,42,42,42,0,0,0,0,0,0,0,0,0,,,
1906,BSN,NL,spencch01,Chet Spencer,8,,8,8,0,0,0,0,0,0,1,3,3,8,,,
1906,SLA,AL,spenctu01,Tubby Spencer,58,,58,58,0,54,0,0,0,0,0,0,0,0,,,
1906,BOS,AL,stahlch01,Chick Stahl,155,,155,155,0,0,0,0,0,0,0,155,0,155,,,
1906,WS1,AL,stahlja01,Jake Stahl,137,,137,137,0,0,136,0,0,0,0,0,0,0,,,
1906,CIN,NL,stanaos01,Oscar Stanage,1,,1,1,0,1,0,0,0,0,0,0,0,0,,,
1906,WS1,AL,stanljo02,Joe Stanley,73,,73,73,1,0,0,0,0,0,0,7,56,63,,,
1906,WS1,AL,starkco01,Con Starkel,1,,1,1,1,0,0,0,0,0,0,0,0,0,,,
1906,CHN,NL,steinha01,Harry Steinfeldt,151,,151,151,0,0,0,1,150,0,0,0,0,0,,,
1906,SLA,AL,stonege01,George Stone,154,,154,154,0,0,0,0,0,0,154,0,0,154,,,
1906,PIT,NL,storkal01,Alan Storke,5,,5,5,0,0,0,0,2,1,0,0,0,0,,,
1906,CLE,AL,stovage01,George Stovall,116,,116,116,0,0,55,19,30,0,0,0,0,0,,,
1906,NY1,NL,stransa01,Sammy Strang,113,,113,113,0,0,1,57,3,4,5,17,17,39,,,
1906,BRO,NL,stricel01,Elmer Stricklett,41,,41,41,41,0,0,0,0,0,0,0,0,0,,,
1906,BSN,NL,strobal01,Allie Strobel,100,,100,100,0,0,0,93,0,6,0,1,0,1,,,
1906,WS1,AL,sudhowi01,Willie Sudhoff,9,,9,9,9,0,0,0,0,0,0,0,0,0,,,
1906,CHA,AL,sullibi03,Billy Sullivan,118,,118,118,0,118,0,0,0,0,0,0,0,0,,,
1906,BOS,AL,swormle01,Len Swormstedt,3,,3,3,3,0,0,0,0,0,0,0,0,0,,,
1906,BOS,AL,tanneje01,Jesse Tannehill,31,,31,31,27,0,0,0,0,0,0,0,0,0,,,
1906,CHA,AL,tannele01,Lee Tannehill,116,,116,116,0,0,0,0,99,17,0,0,0,0,,,
1906,NY1,NL,taylodu01,Dummy Taylor,31,,31,31,31,0,0,0,0,0,0,0,0,0,,,
1906,CHN,NL,tayloja02,Jack Taylor,17,,17,17,17,0,0,0,0,0,0,0,0,0,,,
1906,SLN,NL,tayloja02,Jack Taylor,17,,17,17,17,0,0,0,0,0,0,0,0,0,,,
1906,BSN,NL,tennefr02,Fred Tenney,143,,143,143,0,0,143,0,0,0,0,0,0,0,,,
1906,SLN,NL,thielja01,Jake Thielman,1,,1,1,1,0,0,0,0,0,0,0,0,0,,,
1906,NYA,AL,thomair01,Ira Thomas,44,,44,44,0,42,0,0,0,0,0,0,0,0,,,
1906,PHI,NL,thomaro01,Roy Thomas,142,,142,142,0,0,0,0,0,0,0,142,0,142,,,
1906,SLN,NL,thompgu01,Gus Thompson,17,,17,17,17,0,0,0,0,0,0,0,0,0,,,
1906,DET,AL,thompsa01,Sam Thompson,8,,8,8,0,0,0,0,0,0,0,0,8,8,,,
1906,CIN,NL,tiemeed01,Eddie Tiemeyer,5,,5,5,1,0,0,0,3,0,0,0,0,0,,,
1906,CHN,NL,tinkejo01,Joe Tinker,148,,148,148,0,0,0,0,1,147,0,0,0,0,,,
1906,PHI,NL,titusjo01,John Titus,145,,145,145,0,0,0,0,0,0,0,8,134,142,,,
1906,CHA,AL,towneba01,Babe Towne,14,,14,14,0,13,0,0,0,0,0,0,0,0,,,
1906,CLE,AL,townsha01,Happy Townsend,17,,17,17,17,0,0,0,0,0,0,0,0,0,,,
1906,CLE,AL,turnete01,Terry Turner,147,,147,147,0,0,0,0,0,147,0,0,0,0,,,
1906,CHA,AL,vinsoru01,Rube Vinson,10,,10,10,0,0,0,0,0,0,7,0,0,7,,,
1906,PHA,AL,wadderu01,Rube Waddell,43,,43,43,43,0,0,0,0,0,0,0,0,0,,,
1906,BOS,AL,wagnehe01,Heinie Wagner,9,,9,9,0,0,0,9,0,0,0,0,0,0,,,
1906,PIT,NL,wagneho01,Honus Wagner,142,,142,142,0,0,0,0,1,137,0,0,2,2,,,
1906,WS1,AL,wakefho01,Howard Wakefield,77,,77,77,0,60,0,0,0,0,0,0,0,0,,,
1906,SLA,AL,wallabo01,Bobby Wallace,139,,139,139,0,0,0,0,0,138,0,0,0,0,,,
1906,CHA,AL,walshed01,Ed Walsh,42,,42,42,41,0,0,0,0,0,0,0,0,0,,,
1906,CHN,NL,walshto01,Tom Walsh,2,,2,2,0,2,0,0,0,0,0,0,0,0,,,
1906,WS1,AL,warnejo01,Jack Warner,32,,32,32,0,32,0,0,0,0,0,0,0,0,,,
1906,DET,AL,warnejo01,Jack Warner,50,,50,50,0,49,0,0,0,0,0,0,0,0,,,
1906,CIN,NL,weimeja01,Jake Weimer,41,,41,41,41,0,0,0,0,0,0,0,0,0,,,
1906,CHA,AL,whitedo01,Doc White,29,,29,29,28,0,0,0,0,0,0,1,0,1,,,
1906,BRO,NL,whitije01,Jesse Whiting,3,,3,3,3,0,0,0,0,0,0,0,0,0,,,
1906,CIN,NL,wickebo01,Bob Wicker,20,,20,20,20,0,0,0,0,0,0,0,0,0,,,
1906,CHN,NL,wickebo01,Bob Wicker,10,,10,10,10,0,0,0,0,0,0,0,0,0,,,
1906,DET,AL,wiggsji01,Jimmy Wiggs,4,,4,4,4,0,0,0,0,0,0,0,0,0,,,
1906,DET,AL,willeed01,Ed Willett,3,,3,3,3,0,0,0,0,0,0,0,0,0,,,
1906,NYA,AL,williji01,Jimmy Williams,139,,139,139,0,0,0,139,0,0,0,0,0,0,,,
1906,WS1,AL,williot01,Otto Williams,20,,20,20,0,0,2,6,1,8,0,0,0,0,,,
1906,PIT,NL,willivi01,Vic Willis,41,,41,41,41,0,0,0,0,0,0,0,0,0,,,
1906,WS1,AL,wilsowi01,Willy Wilson,1,,1,1,1,0,0,0,0,0,0,0,0,0,,,
1906,NY1,NL,wiltsho01,Hooks Wiltse,44,,44,44,38,0,0,0,0,0,2,0,0,2,,,
1906,BOS,AL,wintege01,George Winter,29,,29,29,29,0,0,0,0,0,0,0,0,0,,,
1906,BSN,NL,withero01,Roy Witherup,8,,8,8,8,0,0,0,0,0,0,0,0,0,,,
1906,WS1,AL,wolfeba01,Barney Wolfe,4,,4,4,4,0,0,0,0,0,0,0,0,0,,,
1906,NYA,AL,yeagejo01,Joe Yeager,57,,57,57,0,0,0,13,3,22,0,0,0,0,,,
1906,BOS,AL,youngcy01,Cy Young,40,,40,40,39,0,0,0,0,0,0,0,0,0,,,
1906,BSN,NL,youngir01,Irv Young,43,,43,43,43,0,0,0,0,0,0,0,0,0,,,
1906,SLN,NL,zimmeed01,Eddie Zimmerman,5,,5,5,0,0,0,0,5,0,0,0,0,0,,,
