1911,NY1,NL,amesre01,Red Ames,34,,34,34,34,0,0,0,0,0,0,0,0,0,,,
1911,CLE,AL,ballne01,Neal Ball,116,,116,116,0,0,0,94,17,1,0,0,0,0,,,
1911,PHI,NL,beckfr02,Fred Beck,66,,66,66,0,0,0,0,0,0,11,1,50,61,,,
1911,CIN,NL,beckfr02,Fred Beck,41,,41,41,0,0,6,0,0,0,4,5,7,16,,,
1911,BRO,NL,bellge01,George Bell,19,,19,19,19,0,0,0,0,0,0,0,0,0,,,
1911,CHA,AL,benzjo01,Joe Benz,12,,12,12,12,0,0,0,0,0,0,0,0,0,,,
1911,CIN,NL,boydra01,Ray Boyd,7,,7,7,7,0,0,0,0,0,0,0,0,0,,,
1911,BRO,NL,burksa01,Sandy Burk,13,,13,13,13,0,0,0,0,0,0,0,0,0,,,
1911,DET,AL,bushdo01,Donie Bush,150,,150,150,0,0,0,0,0,150,0,0,0,0,,,
1911,DET,AL,cobbty01,Ty Cobb,146,,146,146,0,0,0,0,0,0,0,146,0,146,,,
1911,CHN,NL,coleki01,King Cole,32,,32,32,32,0,0,0,0,0,0,0,0,0,,,
1911,NYA,AL,creebi01,Birdie Cree,137,,137,137,0,0,0,2,0,4,122,7,3,132,,,
1911,SLN,NL,dalege01,Gene Dale,5,,5,5,5,0,0,0,0,0,0,0,0,0,,,
1911,BRO,NL,dented01,Eddie Dent,5,,5,5,5,0,0,0,0,0,0,0,0,0,,,
1911,CIN,NL,egandi01,Dick Egan,153,,153,153,0,0,0,152,0,0,0,0,0,0,,,
1911,NYA,AL,fordru01,Russ Ford,37,,37,37,37,0,0,0,0,0,0,0,0,0,,,
1911,CHN,NL,goodwi01,Wilbur Good,58,,58,58,0,0,0,0,0,0,3,34,3,40,,,
1911,BSN,NL,goodwi01,Wilbur Good,43,,43,43,0,0,0,0,0,0,0,41,2,43,,,
1911,WS1,AL,graydo01,Dolly Gray,28,,28,28,28,0,0,0,0,0,0,0,0,0,,,
1911,SLA,AL,guster01,Ernie Gust,3,,3,3,0,0,3,0,0,0,0,0,0,0,,,
1911,PHI,NL,hallbe01,Bert Hall,7,,7,7,7,0,0,0,0,0,0,0,0,0,,,
1911,BOS,AL,hallch02,Charley Hall,39,,39,39,32,0,0,0,0,0,0,0,0,0,,,
1911,SLA,AL,hawked01,Ed Hawk,5,,5,5,5,0,0,0,0,0,0,0,0,0,,,
1911,NYA,AL,hoffch01,Red Hoff,5,,5,5,5,0,0,0,0,0,0,0,0,0,,,
1911,BSN,NL,hoggbr01,Brad Hogg,8,,8,8,8,0,0,0,0,0,0,0,0,0,,,
1911,CIN,NL,juulhe01,Herb Juul,2,,2,2,1,0,0,0,0,0,0,0,0,0,,,
1911,PIT,NL,keenbi01,Bill Keen,6,,6,6,0,0,1,0,0,0,0,0,0,0,,,
1911,SLA,AL,lakejo01,Joe Lake,30,,30,30,30,0,0,0,0,0,0,0,0,0,,,
1911,CLE,AL,landgr01,Grover Land,35,,35,35,0,34,1,0,0,0,0,0,0,0,,,
1911,PHA,AL,lappja01,Jack Lapp,68,,68,68,0,57,4,0,0,0,0,0,0,0,,,
1911,PHI,NL,lehrcl01,Clarence Lehr,23,,23,23,0,0,0,4,0,4,1,1,3,5,,,
1911,PHA,AL,longle01,Lep Long,4,,4,4,4,0,0,0,0,0,0,0,0,0,,,
1911,WS1,AL,longto01,Tom Long,14,,14,14,0,0,0,0,0,0,4,0,9,13,,,
1911,PHA,AL,lordbr01,Bris Lord,134,,134,134,0,0,0,0,0,0,122,1,9,132,,,
1911,CHA,AL,lordha01,Harry Lord,141,,141,141,0,0,0,0,138,0,0,0,0,0,,,
1911,PHA,AL,mackea01,Earle Mack,2,,2,2,0,0,0,0,2,0,0,0,0,0,,,
1911,DET,AL,nessja01,Jack Ness,12,,12,12,0,0,12,0,0,0,0,0,0,0,,,
1911,WS1,AL,oteybi01,Bill Otey,12,,12,12,12,0,0,0,0,0,0,0,0,0,,,
1911,BOS,AL,papela01,Larry Pape,27,,27,27,27,0,0,0,0,0,0,0,0,0,,,
1911,SLN,NL,reedmi01,Milt Reed,1,,1,1,0,0,0,0,0,0,0,0,0,0,,,
1911,SLN,NL,reisja01,Jack Reis,3,,3,3,3,0,0,0,0,0,0,0,0,0,,,
1911,BRO,NL,ryanja02,Jack Ryan,3,,3,3,3,0,0,0,0,0,0,0,0,0,,,
1911,CLE,AL,westhi01,Hi West,13,,13,13,13,0,0,0,0,0,0,0,0,0,,,
1911,BOS,AL,woodjo02,Smoky Joe Wood,44,,44,44,44,0,0,0,0,0,0,0,0,0,,,
1911,NYA,AL,zinngu01,Guy Zinn,9,,9,9,0,0,0,0,0,0,2,4,2,8,,,
1911,NYA,AL,ablesha01,Harry Ables,3,,3,3,3,0,0,0,0,0,0,0,0,0,,,
1911,PIT,NL,adamsba01,Babe Adams,40,,40,40,40,0,0,0,0,0,0,0,0,0,,,
1911,CLE,AL,adamsbe01,Bert Adams,2,,2,2,0,2,0,0,0,0,0,0,0,0,,,
1911,WS1,AL,ainsmed01,Eddie Ainsmith,61,,61,61,0,47,0,0,0,0,0,0,0,0,,,
1911,BRO,NL,aitchra01,Raleigh Aitchison,1,,1,1,1,0,0,0,0,0,0,0,0,0,,,
1911,PHI,NL,alexape01,Pete Alexander,50,,50,50,48,0,0,0,0,0,0,0,0,0,,,
1911,SLA,AL,allisma01,Mack Allison,3,,3,3,3,0,0,0,0,0,0,0,0,0,,,
1911,CIN,NL,almeira01,Rafael Almeida,36,,36,36,0,0,0,1,27,1,0,0,0,0,,,
1911,CIN,NL,altizda01,Dave Altizer,37,,37,37,0,0,1,1,0,23,0,0,1,1,,,
1911,CHN,NL,archeji01,Jimmy Archer,116,,116,116,0,102,10,1,0,0,0,0,0,0,,,
1911,PHA,AL,armstho01,Howard Armstrong,1,,1,1,1,0,0,0,0,0,0,0,0,0,,,
1911,SLA,AL,austiji01,Jimmy Austin,148,,148,148,0,0,0,0,148,0,0,0,0,0,,,
1911,SLA,AL,bailebi01,Bill Bailey,7,,7,7,7,0,0,0,0,0,0,0,0,0,,,
1911,NYA,AL,bailebi02,Bill Bailey,5,,5,5,0,0,0,0,1,0,0,0,0,2,,,
1911,PHA,AL,bakerfr01,Home Run Baker,148,,148,148,0,0,0,0,148,0,0,0,0,0,,,
1911,CHA,AL,bakerje01,Jesse Baker,22,,22,22,22,0,0,0,0,0,0,0,0,0,,,
1911,BOS,AL,bakertr01,Tracy Baker,1,,1,1,0,0,1,0,0,0,0,0,0,0,,,
1911,CIN,NL,balenmi01,Mike Balenti,8,,8,8,0,0,0,0,0,2,0,1,0,1,,,
1911,BRO,NL,bargecy01,Cy Barger,57,,57,57,30,0,1,0,0,0,4,1,6,11,,,
1911,CHA,AL,barrocu01,Cuke Barrows,13,,13,13,0,0,0,0,0,0,0,0,13,13,,,
1911,PHA,AL,barryja01,Jack Barry,127,,127,127,0,0,0,0,0,127,0,0,0,0,,,
1911,CLE,AL,baskeji01,Jim Baskette,4,,4,4,4,0,0,0,0,0,0,0,0,0,,,
1911,CIN,NL,batesjo02,Johnny Bates,148,,148,148,0,0,0,0,0,0,0,145,2,147,,,
1911,DET,AL,baumapa01,Paddy Baumann,26,,26,26,0,0,0,23,0,0,0,0,3,3,,,
1911,NY1,NL,beckebe01,Beals Becker,88,,88,88,0,0,0,0,0,0,17,6,33,55,,,
1911,WS1,AL,beckech01,Charlie Becker,11,,11,11,11,0,0,0,0,0,0,0,0,0,,,
1911,PHI,NL,beebefr01,Fred Beebe,12,,12,12,9,0,0,0,0,0,0,0,0,0,,,
1911,PHA,AL,bendech01,Chief Bender,32,,32,32,31,0,0,0,0,0,0,0,0,0,,,
1911,CIN,NL,bentoru01,Rube Benton,6,,6,6,6,0,0,0,0,0,0,0,0,0,,,
1911,BRO,NL,bergebi01,Bill Bergen,84,,84,84,0,84,0,0,0,0,0,0,0,0,,,
1911,CHA,AL,berghma01,Marty Berghammer,2,,2,2,0,0,0,2,0,0,0,0,0,0,,,
1911,CIN,NL,beschbo01,Bob Bescher,153,,153,153,0,0,0,0,0,0,153,0,0,153,,,
1911,CLE,AL,birmijo01,Joe Birmingham,125,,125,125,0,0,0,0,16,0,3,96,3,102,,,
1911,SLA,AL,blackjo01,John Black,54,,54,54,0,0,54,0,0,0,0,0,0,0,,,
1911,NYA,AL,blairwa01,Walter Blair,85,,85,85,0,84,1,0,0,0,0,0,0,0,,,
1911,CLE,AL,blandfr01,Fred Blanding,30,,30,30,29,0,0,0,0,0,0,0,0,0,,,
1911,SLN,NL,blissja01,Jack Bliss,97,,97,97,0,84,0,0,0,1,0,0,0,0,,,
1911,CHA,AL,blockbr01,Bruno Block,39,,39,39,0,38,0,0,0,0,0,0,0,0,,,
1911,CHA,AL,bodiepi01,Ping Bodie,145,,145,145,0,0,0,16,0,0,0,107,21,128,,,
1911,BOS,AL,bradlhu01,Hugh Bradley,12,,12,12,0,0,12,0,0,0,0,0,0,0,,,
1911,PHI,NL,branski01,Kitty Bransfield,23,,23,23,0,0,8,0,0,0,0,0,0,0,,,
1911,CHN,NL,branski01,Kitty Bransfield,3,,3,3,0,0,3,0,0,0,0,0,0,0,,,
1911,PHI,NL,brennad01,Ad Brennan,5,,5,5,5,0,0,0,0,0,0,0,0,0,,,
1911,SLN,NL,bresnro01,Roger Bresnahan,81,,81,81,0,77,0,2,0,0,0,0,0,0,,,
1911,BSN,NL,bridwal01,Al Bridwell,51,,51,51,0,0,0,0,0,51,0,0,0,0,,,
1911,NY1,NL,bridwal01,Al Bridwell,76,,76,76,0,0,0,0,0,76,0,0,0,0,,,
1911,NYA,AL,brockle01,Lew Brockett,18,,18,18,16,0,0,0,2,0,0,0,0,0,,,
1911,CLE,AL,bronkhe01,Herman Bronkie,2,,2,2,0,0,0,0,2,0,0,0,0,0,,,
1911,PHA,AL,brownbo01,Boardwalk Brown,2,,2,2,2,0,0,0,0,0,0,0,0,0,,,
1911,BSN,NL,brownbu01,Buster Brown,42,,42,42,42,0,0,0,0,0,0,0,0,0,,,
1911,SLA,AL,browncu01,Curly Brown,3,,3,3,3,0,0,0,0,0,0,0,0,0,,,
1911,SLA,AL,brownel01,Elmer Brown,5,,5,5,5,0,0,0,0,0,0,0,0,0,,,
1911,BRO,NL,brownge01,George Browne,8,,8,8,0,0,0,0,0,0,0,0,2,2,,,
1911,CHN,NL,brownmo01,Mordecai Brown,53,,53,53,53,0,0,0,0,0,0,0,0,0,,,
1911,BRO,NL,burchal01,Al Burch,54,,54,54,0,0,0,3,0,0,0,41,3,43,,,
1911,BSN,NL,burkebi02,Billy Burke,2,,2,2,2,0,0,0,0,0,0,0,0,0,,,
1911,PHI,NL,burnsbi01,Bill Burns,21,,21,21,21,0,0,0,0,0,0,0,0,0,,,
1911,CIN,NL,burnsbi01,Bill Burns,6,,6,6,6,0,0,0,0,0,0,0,0,0,,,
1911,NY1,NL,burnsge01,George Burns,6,,6,6,0,0,0,0,0,0,1,4,1,6,,,
1911,BOS,AL,busheja01,Jack Bushelman,3,,3,3,3,0,0,0,0,0,0,0,0,0,,,
1911,CLE,AL,butchha01,Hank Butcher,38,,38,38,0,0,0,0,0,0,24,4,6,34,,,
1911,BSN,NL,butlear01,Art Butler,27,,27,27,0,0,0,4,14,1,0,0,0,0,,,
1911,PIT,NL,byrnebo01,Bobby Byrne,153,,153,153,0,0,0,0,152,0,0,0,0,0,,,
1911,NYA,AL,caldwra02,Ray Caldwell,59,,59,59,41,0,0,0,0,0,5,0,5,11,,,
1911,CLE,AL,callada01,Dave Callahan,6,,6,6,0,0,0,0,0,0,0,4,0,4,,,
1911,CHA,AL,callani01,Jimmy Callahan,120,,120,120,0,0,0,0,0,0,93,10,11,114,,,
1911,SLN,NL,camniha01,Harry Camnitz,2,,2,2,2,0,0,0,0,0,0,0,0,0,,,
1911,PIT,NL,camniho01,Howie Camnitz,40,,40,40,40,0,0,0,0,0,0,0,0,0,,,
1911,PIT,NL,campbvi01,Vin Campbell,42,,42,42,0,0,0,0,0,0,9,1,11,21,,,
1911,PIT,NL,careyma01,Max Carey,129,,129,129,0,0,0,0,0,0,46,76,0,122,,,
1911,BOS,AL,carlssw01,Swede Carlstrom,2,,2,2,0,0,0,0,0,2,0,0,0,0,,,
1911,BOS,AL,carribi02,Bill Carrigan,72,,72,72,0,62,6,0,0,0,0,0,0,0,,,
1911,DET,AL,caseyjo01,Joe Casey,15,,15,15,0,12,0,0,0,0,0,3,0,3,,,
1911,WS1,AL,cashica01,Carl Cashion,21,,21,21,11,0,0,0,0,0,0,0,0,0,,,
1911,DET,AL,cavetpu01,Pug Cavet,1,,1,1,1,0,0,0,0,0,0,0,0,0,,,
1911,PHI,NL,chalmge01,George Chalmers,38,,38,38,38,0,0,0,0,0,0,0,0,0,,,
1911,CHN,NL,chancfr01,Frank Chance,31,,31,31,0,0,29,0,0,0,0,0,0,0,,,
1911,NYA,AL,chaseha01,Hal Chase,133,,133,133,0,0,124,2,0,0,0,7,0,7,,,
1911,CHN,NL,chenela01,Larry Cheney,3,,3,3,3,0,0,0,0,0,0,0,0,0,,,
1911,CHA,AL,chouife01,Felix Chouinard,14,,14,14,0,0,0,4,0,0,0,3,1,4,,,
1911,BOS,AL,cicoted01,Eddie Cicotte,35,,35,35,35,0,0,0,0,0,0,0,0,0,,,
1911,SLA,AL,clancal01,Al Clancy,3,,3,3,0,0,0,0,2,0,0,0,0,0,,,
1911,PIT,NL,clarkfr01,Fred Clarke,110,,110,110,0,0,0,0,0,0,101,0,0,101,,,
1911,SLN,NL,clarkji01,Jim Clark,14,,14,14,0,0,0,0,0,0,1,6,1,8,,,
1911,BSN,NL,clarkjo02,Josh Clarke,32,,32,32,0,0,0,0,0,0,30,0,0,30,,,
1911,SLA,AL,clarkni01,Nig Clarke,82,,82,82,0,73,4,0,0,0,0,0,0,0,,,
1911,CIN,NL,clarkto01,Tommy Clarke,86,,86,86,0,81,1,0,0,0,0,0,0,0,,,
1911,NYA,AL,coaklan01,Andy Coakley,2,,2,2,2,0,0,0,0,0,0,0,0,0,,,
1911,PHA,AL,collaal01,Allan Collamore,2,,2,2,2,0,0,0,0,0,0,0,0,0,,,
1911,CHN,NL,collibi02,Bill Collins,7,,7,7,0,0,0,0,0,0,2,2,0,4,,,
1911,BSN,NL,collibi02,Bill Collins,17,,17,17,0,0,0,0,1,0,3,8,2,13,,,
1911,PHA,AL,collied01,Eddie Collins,132,,132,132,0,0,0,132,0,0,0,0,0,0,,,
1911,BOS,AL,collira01,Ray Collins,31,,31,31,31,0,0,0,0,0,0,0,0,0,,,
1911,CHA,AL,collish01,Shano Collins,106,,106,106,0,0,98,3,0,0,2,0,0,3,,,
1911,CIN,NL,comptja01,Jack Compton,8,,8,8,8,0,0,0,0,0,0,0,0,0,,,
1911,SLA,AL,comptpe01,Pete Compton,28,,28,28,0,0,0,0,0,0,0,0,28,28,,,
1911,WS1,AL,conrowi01,Wid Conroy,106,,106,106,0,0,0,1,85,0,14,0,1,15,,,
1911,WS1,AL,conwach01,Charles Conway,2,,2,2,0,0,0,0,0,0,0,0,0,2,,,
1911,SLN,NL,conweed01,Ed Conwell,1,,1,1,0,0,0,0,1,0,0,0,0,0,,,
1911,PHA,AL,coombja01,Jack Coombs,52,,52,52,47,0,0,0,0,0,0,0,0,0,,,
1911,CHA,AL,corharo01,Roy Corhan,43,,43,43,0,0,0,0,0,43,0,0,0,0,,,
1911,PHI,NL,cottedi01,Dick Cotter,20,,20,20,0,17,0,0,0,0,0,0,0,0,,,
1911,PIT,NL,cottren01,Ensign Cottrell,1,,1,1,1,0,0,0,0,0,0,0,0,0,,,
1911,BRO,NL,coulsbo01,Bob Coulson,146,,146,146,0,0,0,0,0,0,0,2,144,145,,,
1911,DET,AL,covinte01,Tex Covington,17,,17,17,17,0,0,0,0,0,0,0,0,0,,,
1911,NY1,NL,cranddo01,Doc Crandall,61,,61,61,41,0,0,3,0,6,0,0,0,0,,,
1911,DET,AL,crawfsa01,Sam Crawford,146,,146,146,0,0,0,0,0,0,0,0,146,146,,,
1911,SLA,AL,crispjo01,Joe Crisp,1,,1,1,0,0,0,0,0,0,0,0,0,0,,,
1911,SLA,AL,crissdo01,Dode Criss,58,,58,58,4,0,14,0,0,0,0,0,0,0,,,
1911,WS1,AL,cunnibi01,Bill Cunningham,94,,94,94,0,0,0,93,0,0,0,0,0,0,,,
1911,SLA,AL,curryge01,George Curry,3,,3,3,3,0,0,0,0,0,0,0,0,0,,,
1911,NYA,AL,curryji01,Jim Curry,4,,4,4,0,0,0,4,0,0,0,0,0,0,,,
1911,BSN,NL,curticl01,Cliff Curtis,12,,12,12,12,0,0,0,0,0,0,0,0,0,,,
1911,PHI,NL,curticl01,Cliff Curtis,8,,8,8,8,0,0,0,0,0,0,0,0,0,,,
1911,CHN,NL,curticl01,Cliff Curtis,4,,4,4,4,0,0,0,0,0,0,0,0,0,,,
1911,BRO,NL,dahlebi01,Bill Dahlen,1,,1,1,0,0,0,0,0,1,0,0,0,0,,,
1911,BRO,NL,daleyju01,Jud Daley,19,,19,19,0,0,0,0,0,0,16,0,0,16,,,
1911,PHA,AL,danfoda01,Dave Danforth,14,,14,14,14,0,0,0,0,0,0,0,0,0,,,
1911,NYA,AL,daniebe01,Bert Daniels,131,,131,131,0,0,0,0,0,0,8,86,26,120,,,
1911,BRO,NL,daubeja01,Jake Daubert,149,,149,149,0,0,149,0,0,0,0,0,0,0,,,
1911,BRO,NL,davidbi01,Bill Davidson,87,,87,87,0,0,0,0,0,0,0,74,0,74,,,
1911,PHA,AL,davisha01,Harry Davis,57,,57,57,0,0,53,0,0,0,0,0,0,0,,,
1911,DET,AL,delahji01,Jim Delahanty,144,,144,144,0,0,71,59,13,0,0,0,0,0,,,
1911,CLE,AL,demotbe01,Ben DeMott,2,,2,2,1,0,0,0,0,0,0,1,0,1,,,
1911,PHA,AL,derricl01,Claud Derrick,36,,36,36,0,0,3,21,2,6,0,0,0,0,,,
1911,NY1,NL,devliar01,Art Devlin,95,,95,95,0,0,6,6,79,6,0,0,0,0,,,
1911,NY1,NL,devorjo01,Josh Devore,149,,149,149,0,0,0,0,0,0,104,0,48,149,,,
1911,NYA,AL,dolanco02,Cozy Dolan,19,,19,19,0,0,0,0,19,0,0,0,0,0,,,
1911,NY1,NL,donlimi01,Mike Donlin,12,,12,12,0,0,0,0,0,0,0,2,1,3,,,
1911,BSN,NL,donlimi01,Mike Donlin,56,,56,56,0,0,0,0,0,0,0,56,0,56,,,
1911,BSN,NL,donneed01,Ed Donnelly,5,,5,5,5,0,0,0,0,0,0,0,0,0,,,
1911,DET,AL,donovbi01,Bill Donovan,24,,24,24,20,0,0,0,0,0,0,0,0,0,,,
1911,PHI,NL,dooinre01,Red Dooin,74,,74,74,0,74,0,0,0,0,0,0,0,0,,,
1911,PHI,NL,doolami01,Mickey Doolin,146,,146,146,0,0,0,0,0,145,0,0,0,0,,,
1911,PIT,NL,dorseje02,Jerry D'Arcy,2,,2,2,0,0,0,0,0,0,0,1,0,1,,,
1911,CHA,AL,doughpa01,Patsy Dougherty,76,,76,76,0,0,0,0,0,0,56,0,0,56,,,
1911,CIN,NL,downeto01,Tom Downey,111,,111,111,0,0,2,6,5,93,0,0,1,1,,,
1911,CHN,NL,doyleji01,Jim Doyle,130,,130,130,0,0,0,0,127,0,0,0,0,0,,,
1911,NY1,NL,doylela01,Larry Doyle,143,,143,143,0,0,0,141,0,0,0,0,0,0,,,
1911,DET,AL,drakede01,Delos Drake,95,,95,95,0,0,2,0,0,0,74,5,5,83,,,
1911,NY1,NL,drucklo01,Louis Drucke,16,,16,16,15,0,0,0,0,0,0,0,0,0,,,
1911,SLA,AL,duggaji01,Jim Duggan,1,,1,1,0,0,1,0,0,0,0,0,0,0,,,
1911,CLE,AL,eastete01,Ted Easterly,99,,99,99,0,22,0,0,0,0,0,2,52,54,,,
1911,WS1,AL,elberki01,Kid Elberfeld,127,,127,127,0,0,0,68,52,0,0,0,0,0,,,
1911,NYA,AL,ellioge01,Gene Elliott,5,,5,5,0,0,0,0,1,0,0,0,2,2,,,
1911,SLN,NL,ellisru01,Rube Ellis,155,,155,155,0,0,0,0,0,0,148,0,0,148,,,
1911,PHA,AL,emersch01,Chester Emerson,7,,7,7,0,0,0,0,0,0,0,1,6,7,,,
1911,BOS,AL,englecl01,Clyde Engle,146,,146,146,0,0,65,13,51,0,3,7,0,10,,,
1911,BRO,NL,erwinte01,Tex Erwin,91,,91,91,0,74,0,0,0,0,0,0,0,0,,,
1911,CIN,NL,esmonji01,Jimmy Esmond,73,,73,73,0,0,0,2,14,44,0,0,0,0,,,
1911,SLN,NL,evansst01,Steve Evans,154,,154,154,0,0,0,0,0,0,0,0,150,150,,,
1911,CHN,NL,eversjo01,Johnny Evers,46,,46,46,0,0,0,33,11,0,0,0,0,0,,,
1911,PHI,NL,ewingbo01,Bob Ewing,4,,4,4,4,0,0,0,0,0,0,0,0,0,,,
1911,CLE,AL,falkecy01,Cy Falkenberg,16,,16,16,15,0,0,0,0,0,0,0,0,0,,,
1911,NY1,NL,faustch01,Charlie Faust,2,,2,2,2,0,0,0,0,0,0,0,0,0,,,
1911,BSN,NL,ferguge01,Cecil Ferguson,6,,6,6,6,0,0,0,0,0,0,0,0,0,,,
1911,PIT,NL,ferryja01,Jack Ferry,29,,29,29,26,0,0,0,0,0,1,0,0,1,,,
1911,CLE,AL,fishegu01,Gus Fisher,70,,70,70,0,58,1,0,0,0,0,0,0,0,,,
1911,NYA,AL,fishera01,Ray Fisher,29,,29,29,29,0,0,0,0,0,0,0,0,0,,,
1911,NYA,AL,fitzgmi01,Mike Fitzgerald,16,,16,16,0,0,0,0,0,0,9,0,0,9,,,
1911,BSN,NL,flahepa02,Patsy Flaherty,38,,38,38,4,0,0,0,0,0,1,11,7,19,,,
1911,NY1,NL,fletcar01,Art Fletcher,112,,112,112,0,0,0,13,21,74,0,0,0,0,,,
1911,PIT,NL,flynnjo03,John Flynn,33,,33,33,0,0,13,0,0,0,0,0,1,1,,,
1911,CHN,NL,foxenbi01,Bill Foxen,3,,3,3,3,0,0,0,0,0,0,0,0,0,,,
1911,BSN,NL,frocksa01,Sam Frock,4,,4,4,4,0,0,0,0,0,0,0,0,0,,,
1911,CIN,NL,frommar01,Art Fromme,38,,38,38,38,0,0,0,0,0,0,0,0,0,,,
1911,DET,AL,gainede01,Del Gainer,70,,70,70,0,0,69,0,0,0,0,0,0,0,,,
1911,NYA,AL,gardnea01,Earle Gardner,102,,102,102,0,0,0,101,0,0,0,0,0,0,,,
1911,PIT,NL,gardnha01,Harry Gardner,13,,13,13,13,0,0,0,0,0,0,0,0,0,,,
1911,BOS,AL,gardnla01,Larry Gardner,138,,138,138,0,0,0,62,72,0,0,0,0,0,,,
1911,CIN,NL,gaspaha01,Harry Gaspar,44,,44,44,44,0,0,0,0,0,0,0,0,0,,,
1911,SLA,AL,georgle01,Lefty George,27,,27,27,27,0,0,0,0,0,0,0,0,0,,,
1911,WS1,AL,gessldo01,Doc Gessler,128,,128,128,0,0,1,0,0,0,2,0,124,126,,,
1911,SLN,NL,geyerru01,Rube Geyer,29,,29,29,29,0,0,0,0,0,0,0,0,0,,,
1911,BOS,AL,giannjo01,Joe Giannini,1,,1,1,0,0,0,0,0,1,0,0,0,0,,,
1911,PIT,NL,gibsoge01,George Gibson,100,,100,100,0,98,0,0,0,0,0,0,0,0,,,
1911,SLN,NL,gilhofr01,Frank Gilhooley,1,,1,1,0,0,0,0,0,0,0,0,1,1,,,
1911,SLN,NL,goldero01,Roy Golden,30,,30,30,30,0,0,0,0,0,0,0,0,0,,,
1911,BSN,NL,gowdyha01,Hank Gowdy,29,,29,29,0,1,26,0,0,0,0,0,0,0,,,
1911,NY1,NL,gowdyha01,Hank Gowdy,4,,4,4,0,0,2,0,0,0,0,0,0,0,,,
1911,BSN,NL,grahape01,Peaches Graham,33,,33,33,0,26,0,0,0,0,0,0,0,0,,,
1911,CHN,NL,grahape01,Peaches Graham,36,,36,36,0,28,0,0,0,0,0,0,0,0,,,
1911,CLE,AL,graneja01,Jack Graney,146,,146,146,0,0,0,0,0,0,139,1,2,142,,,
1911,CIN,NL,granted01,Eddie Grant,136,,136,136,0,0,0,0,122,11,0,0,0,0,,,
1911,CLE,AL,greggve01,Vean Gregg,34,,34,34,34,0,0,0,0,0,0,0,0,0,,,
1911,SLA,AL,gregoho01,Howie Gregory,3,,3,3,3,0,0,0,0,0,0,0,0,0,,,
1911,BSN,NL,griffha01,Hank Griffin,15,,15,15,15,0,0,0,0,0,0,0,0,0,,,
1911,CHN,NL,griffha01,Hank Griffin,1,,1,1,1,0,0,0,0,0,0,0,0,0,,,
1911,CLE,AL,griggar01,Art Griggs,27,,27,27,0,0,1,11,3,0,1,0,3,4,,,
1911,WS1,AL,groombo01,Bob Groom,37,,37,37,37,0,0,0,0,0,0,0,0,0,,,
1911,BOS,AL,gunnihy01,Hy Gunning,4,,4,4,0,0,4,0,0,0,0,0,0,0,,,
1911,BOS,AL,hagemca01,Casey Hageman,2,,2,2,2,0,0,0,0,0,0,0,0,0,,,
1911,SLA,AL,hallied01,Ed Hallinan,52,,52,52,0,0,0,15,3,34,0,0,0,0,,,
1911,SLA,AL,hamilea01,Earl Hamilton,32,,32,32,32,0,0,0,0,0,0,0,0,0,,,
1911,NYA,AL,handimi01,Mike Handiboe,5,,5,5,0,0,0,0,0,0,2,0,2,4,,,
1911,CLE,AL,harknsp01,Spec Harkness,12,,12,12,12,0,0,0,0,0,0,0,0,0,,,
1911,SLN,NL,harmobo01,Bob Harmon,51,,51,51,51,0,0,0,0,0,0,0,0,0,,,
1911,SLA,AL,harpebi01,Bill Harper,2,,2,2,2,0,0,0,0,0,0,0,0,0,,,
1911,NY1,NL,hartlgr01,Grover Hartley,11,,11,11,0,10,0,0,0,0,0,0,0,0,,,
1911,PHA,AL,hartsto01,Topsy Hartsel,25,,25,25,0,0,0,0,0,0,9,0,0,9,,,
1911,NYA,AL,hartzro01,Roy Hartzell,144,,144,144,0,0,0,0,124,12,2,0,8,8,,,
1911,SLN,NL,hausear01,Arnold Hauser,136,,136,136,0,0,0,0,2,134,0,0,0,0,,,
1911,SLN,NL,hearnbu01,Bunny Hearn,2,,2,2,2,0,0,0,0,0,0,0,0,0,,,
1911,NYA,AL,hemphch01,Charlie Hemphill,69,,69,69,0,0,0,0,0,0,0,46,9,55,,,
1911,PIT,NL,hendrcl01,Claude Hendrix,22,,22,22,22,0,0,0,0,0,0,0,0,0,,,
1911,CLE,AL,hendrti01,Tim Hendryx,4,,4,4,0,0,0,0,3,0,0,0,0,0,,,
1911,BOS,AL,henriol01,Olaf Henriksen,27,,27,27,0,0,0,0,0,0,5,0,20,25,,,
1911,WS1,AL,henryjo02,John Henry,85,,85,85,0,51,30,0,0,0,0,0,0,0,,,
1911,WS1,AL,herrewa01,Walt Herrell,1,,1,1,1,0,0,0,0,0,0,0,0,0,,,
1911,NY1,NL,herzobu01,Buck Herzog,69,,69,69,0,0,0,3,65,1,0,0,0,0,,,
1911,BSN,NL,herzobu01,Buck Herzog,79,,79,79,0,0,0,0,4,74,0,0,0,0,,,
1911,BRO,NL,higgibo01,Bob Higgins,4,,4,4,0,2,0,0,1,0,0,0,0,0,,,
1911,CIN,NL,hoblidi01,Dick Hoblitzell,158,,158,158,0,0,158,0,0,0,0,0,0,0,,,
1911,SLA,AL,hoffmda01,Danny Hoffman,24,,24,24,0,0,0,0,0,0,0,23,0,23,,,
1911,CHN,NL,hofmaso01,Solly Hofman,143,,143,143,0,0,36,0,0,0,2,107,0,107,,,
1911,SLA,AL,hoganwi01,Willie Hogan,123,,123,123,0,0,5,0,0,0,115,0,2,117,,,
1911,PHA,AL,hoganwi01,Willie Hogan,7,,7,7,0,0,0,0,0,0,6,0,0,6,,,
1911,BOS,AL,hoopeha01,Harry Hooper,130,,130,130,0,0,0,0,0,0,0,0,130,130,,,
1911,BSN,NL,housebe01,Ben Houser,20,,20,20,0,0,20,0,0,0,0,0,0,0,,,
1911,CHA,AL,hovlijo01,Joe Hovlik,12,,12,12,12,0,0,0,0,0,0,0,0,0,,,
1911,SLN,NL,huggimi01,Miller Huggins,138,,138,138,0,0,0,136,0,0,0,0,0,0,,,
1911,WS1,AL,hugheto01,Tom Hughes,34,,34,34,34,0,0,0,0,0,0,0,0,0,,,
1911,BRO,NL,hummejo01,John Hummel,137,,137,137,0,0,4,127,0,2,0,0,0,0,,,
1911,BRO,NL,humphal01,Al Humphrey,8,,8,8,0,0,0,0,0,0,0,7,1,8,,,
1911,CIN,NL,humphbe01,Bert Humphries,14,,14,14,14,0,0,0,0,0,0,0,0,0,,,
1911,PHI,NL,humphbe01,Bert Humphries,11,,11,11,11,0,0,0,0,0,0,0,0,0,,,
1911,PIT,NL,huntene01,Newt Hunter,65,,65,65,0,0,61,0,0,0,0,0,0,0,,,
1911,BSN,NL,ingersc01,Scotty Ingerton,136,,136,136,0,0,17,11,58,4,43,0,2,43,,,
1911,BSN,NL,jacksge01,George Jackson,39,,39,39,0,0,0,0,0,0,38,1,0,39,,,
1911,CLE,AL,jacksjo01,Shoeless Joe Jackson,147,,147,147,0,0,0,0,0,0,0,47,100,147,,,
1911,CLE,AL,jamesbi01,Bill James,8,,8,8,8,0,0,0,0,0,0,0,0,0,,,
1911,BOS,AL,janvrha01,Hal Janvrin,9,,9,9,0,0,4,0,5,0,0,0,0,0,,,
1911,CHA,AL,johnsji01,Jimmy Johnston,1,,1,1,0,0,0,0,0,0,0,1,0,1,,,
1911,NYA,AL,johnsot01,Otis Johnson,71,,71,71,0,0,0,15,3,47,0,0,0,0,,,
1911,WS1,AL,johnswa01,Walter Johnson,42,,42,42,40,0,0,0,0,0,0,0,0,0,,,
1911,BSN,NL,jonesbi02,Bill Jones,24,,24,24,0,0,0,0,0,0,0,18,0,18,,,
1911,DET,AL,jonesda01,Davy Jones,98,,98,98,0,0,0,0,0,0,92,0,0,92,,,
1911,CHA,AL,joneste01,Tex Jones,9,,9,9,0,0,9,0,0,0,0,0,0,0,,,
1911,CLE,AL,kahlege01,George Kahler,30,,30,30,30,0,0,0,0,0,0,0,0,0,,,
1911,CHN,NL,kaiseal01,Al Kaiser,26,,26,26,0,0,0,0,0,0,1,21,0,22,,,
1911,BSN,NL,kaiseal01,Al Kaiser,66,,66,66,0,0,0,0,0,0,35,21,2,58,,,
1911,BOS,AL,kargeed01,Ed Karger,25,,25,25,25,0,0,0,0,0,0,0,0,0,,,
1911,CIN,NL,keefebo01,Bobby Keefe,39,,39,39,39,0,0,0,0,0,0,0,0,0,,,
1911,PIT,NL,kelihmi01,Mickey Keliher,3,,3,3,0,0,3,0,0,0,0,0,0,0,,,
1911,PIT,NL,kellybi02,Billy Kelly,6,,6,6,0,1,0,0,0,0,0,0,0,0,,,
1911,PHI,NL,killebi01,Bill Killefer,6,,6,6,0,6,0,0,0,0,0,0,0,0,,,
1911,BOS,AL,killija01,Jack Killilay,14,,14,14,14,0,0,0,0,0,0,0,0,0,,,
1911,BSN,NL,kirkeja01,Jay Kirke,20,,20,20,0,0,3,1,1,1,14,0,0,14,,,
1911,BOS,AL,kleinre01,Red Kleinow,8,,8,8,0,8,0,0,0,0,0,0,0,0,,,
1911,PHI,NL,kleinre01,Red Kleinow,4,,4,4,0,4,0,0,0,0,0,0,0,0,,,
1911,NYA,AL,klepfed01,Ed Klepfer,2,,2,2,2,0,0,0,0,0,0,0,0,0,,,
1911,BSN,NL,klingjo01,Johnny Kling,75,,75,75,0,71,0,0,1,0,0,0,0,0,,,
1911,CHN,NL,klingjo01,Johnny Kling,27,,27,27,0,25,0,0,0,0,0,0,0,0,,,
1911,PHI,NL,knabeot01,Otto Knabe,142,,142,142,0,0,0,142,0,0,0,0,0,0,,,
1911,CLE,AL,knaupco01,Cotton Knaupp,13,,13,13,0,0,0,0,0,13,0,0,0,0,,,
1911,BRO,NL,knetzel01,Elmer Knetzer,35,,35,35,35,0,0,0,0,0,0,0,0,0,,,
1911,NYA,AL,knighjo02,John Knight,132,,132,132,0,0,27,21,1,82,0,0,0,0,,,
1911,SLN,NL,koneted01,Ed Konetchy,158,,158,158,0,0,158,0,0,0,0,0,0,0,,,
1911,CLE,AL,krappge01,Gene Krapp,36,,36,36,35,0,0,0,0,0,0,0,0,0,,,
1911,PHA,AL,krausha01,Harry Krause,27,,27,27,27,0,0,0,0,0,0,0,0,0,,,
1911,CHA,AL,kreitra01,Ralph Kreitz,7,,7,7,0,7,0,0,0,0,0,0,0,0,,,
1911,SLA,AL,krichpa01,Paul Krichell,28,,28,28,0,25,0,0,0,0,0,0,0,0,,,
1911,SLA,AL,kutinjo01,Joe Kutina,26,,26,26,0,0,26,0,0,0,0,0,0,0,,,
1911,DET,AL,lafited01,Ed Lafitte,31,,31,31,29,0,0,0,0,0,0,2,0,2,,,
1911,CLE,AL,lajoina01,Nap Lajoie,90,,90,90,0,0,41,37,0,0,0,0,0,0,,,
1911,CHA,AL,langefr01,Frank Lange,54,,54,54,29,0,0,0,0,0,0,0,0,0,,,
1911,SLA,AL,laporfr01,Frank LaPorte,136,,136,136,0,0,0,133,3,0,0,0,0,0,,,
1911,DET,AL,lathech01,Chick Lathers,29,,29,29,0,0,3,9,8,4,0,0,0,0,,,
1911,PIT,NL,leachto01,Tommy Leach,108,,108,108,0,0,0,0,1,13,1,89,0,89,,,
1911,PIT,NL,leifile01,Lefty Leifield,43,,43,43,42,0,0,0,0,0,1,0,0,1,,,
1911,BRO,NL,lejeula01,Sheldon Lejeune,6,,6,6,0,0,0,0,0,0,0,6,0,6,,,
1911,WS1,AL,lelivja01,Jack Lelivelt,72,,72,72,0,0,7,0,0,0,36,0,13,49,,,
1911,PHA,AL,leonael01,Elmer Leonard,5,,5,5,5,0,0,0,0,0,0,0,0,0,,,
1911,BOS,AL,lewisdu01,Duffy Lewis,130,,130,130,0,0,0,0,0,0,125,0,0,125,,,
1911,BOS,AL,lewisja01,Jack Lewis,18,,18,18,0,0,0,18,0,0,0,0,0,0,,,
1911,CLE,AL,lindsbi01,Bill Lindsay,19,,19,19,0,0,0,1,15,0,0,0,0,0,,,
1911,DET,AL,livelja01,Jack Lively,20,,20,20,18,0,0,0,0,0,0,0,0,0,,,
1911,PHA,AL,livinpa01,Paddy Livingston,27,,27,27,0,26,0,0,0,0,0,0,0,0,,,
1911,PHI,NL,loberha01,Hans Lobert,147,,147,147,0,0,0,0,147,0,0,0,0,0,,,
1911,BOS,AL,lonerwa01,Walter Lonergan,10,,10,10,0,0,0,7,1,1,0,0,0,0,,,
1911,SLN,NL,lowdegr01,Grover Lowdermilk,11,,11,11,11,0,0,0,0,0,0,0,0,0,,,
1911,SLN,NL,lowdelo01,Lou Lowdermilk,16,,16,16,16,0,0,0,0,0,0,0,0,0,,,
1911,PHI,NL,luderfr01,Fred Luderus,146,,146,146,0,0,146,0,0,0,0,0,0,0,,,
1911,PHI,NL,maddebu01,Bunny Madden,28,,28,28,0,22,0,0,0,0,0,0,0,0,,,
1911,BOS,AL,maddebu01,Bunny Madden,4,,4,4,0,4,0,0,0,0,0,0,0,0,,,
1911,SLN,NL,mageele01,Lee Magee,26,,26,26,0,0,0,18,0,3,0,0,0,0,,,
1911,PHI,NL,mageesh01,Sherry Magee,121,,121,121,0,0,0,0,0,0,120,0,1,120,,,
1911,NYA,AL,magnest01,Stubby Magner,13,,13,13,0,0,0,5,0,6,0,0,0,0,,,
1911,CIN,NL,mahonda02,Danny Mahoney,1,,1,1,0,0,0,0,0,0,0,0,0,0,,,
1911,NY1,NL,marquru01,Rube Marquard,45,,45,45,45,0,0,0,0,0,0,0,0,0,,,
1911,CIN,NL,marsaar01,Armando Marsans,58,,58,58,0,0,1,0,1,0,5,16,13,34,,,
1911,PHA,AL,martido01,Doc Martin,11,,11,11,11,0,0,0,0,0,0,0,0,0,,,
1911,NY1,NL,mathech01,Christy Mathewson,45,,45,45,45,0,0,0,0,0,0,0,0,0,,,
1911,BSN,NL,matteal01,Al Mattern,33,,33,33,33,0,0,0,0,0,0,0,0,0,,,
1911,NY1,NL,maxwebe01,Bert Maxwell,4,,4,4,4,0,0,0,0,0,0,0,0,0,,,
1911,CHA,AL,mayerwa01,Wally Mayer,1,,1,1,0,1,0,0,0,0,0,0,0,0,,,
1911,PHI,NL,mayespa01,Paddy Mayes,5,,5,5,0,0,0,0,0,0,0,0,0,2,,,
1911,SLN,NL,mcadaja01,Jack McAdams,6,,6,6,6,0,0,0,0,0,0,0,0,0,,,
1911,WS1,AL,mcbrige01,George McBride,154,,154,154,0,0,0,0,0,154,0,0,0,0,,,
1911,PIT,NL,mccaral01,Alex McCarthy,50,,50,50,0,0,0,11,1,33,1,0,0,1,,,
1911,CHA,AL,mcconam01,Amby McConnell,104,,104,104,0,0,0,103,0,0,0,0,0,0,,,
1911,BSN,NL,mcdoned02,Ed McDonald,54,,54,54,0,0,0,0,53,1,0,0,0,0,,,
1911,BRO,NL,mcelvpr01,Pryor McElveen,16,,16,16,0,0,0,5,0,1,0,0,0,0,,,
1911,SLN,NL,mcgeeda01,Dan McGeehan,3,,3,3,0,0,0,3,0,0,0,0,0,0,,,
1911,BOS,AL,mchalma01,Marty McHale,4,,4,4,4,0,0,0,0,0,0,0,0,0,,,
1911,PHA,AL,mcinnst01,Stuffy McInnis,126,,126,126,0,0,97,0,0,24,0,0,0,0,,,
1911,CHN,NL,mcintha01,Harry McIntire,26,,26,26,25,0,0,0,0,0,0,0,0,0,,,
1911,CHA,AL,mcintma01,Matty McIntyre,146,,146,146,0,0,0,0,0,0,0,31,115,146,,,
1911,SLN,NL,mcivoot01,Otto McIvor,30,,30,30,0,0,0,0,0,0,3,6,8,17,,,
1911,PIT,NL,mckecbi01,Bill McKechnie,104,,104,104,0,0,57,17,6,12,0,0,0,0,,,
1911,CIN,NL,mcleala01,Larry McLean,107,,107,107,0,98,0,0,0,0,0,0,0,0,,,
1911,CIN,NL,mcquige01,George McQuillan,19,,19,19,19,0,0,0,0,0,0,0,0,0,,,
1911,BSN,NL,mctigbi01,Bill McTigue,14,,14,14,14,0,0,0,0,0,0,0,0,0,,,
1911,SLA,AL,meloapa01,Paul Meloan,64,,64,64,0,0,0,0,0,0,1,0,53,54,,,
1911,CHA,AL,meloapa01,Paul Meloan,1,,1,1,0,0,0,0,0,0,0,0,1,1,,,
1911,NY1,NL,merklfr01,Fred Merkle,149,,149,149,0,0,148,0,0,0,0,0,0,0,,,
1911,CHA,AL,messebo01,Bobby Messenger,13,,13,13,0,0,0,0,0,0,4,0,0,4,,,
1911,NY1,NL,meyerch01,Chief Meyers,133,,133,133,0,128,0,0,0,0,0,0,0,0,,,
1911,WS1,AL,milancl01,Clyde Milan,154,,154,154,0,0,0,0,0,0,0,154,0,154,,,
1911,PIT,NL,milledo02,Dots Miller,137,,137,137,0,0,0,129,0,0,0,0,0,0,,,
1911,BSN,NL,milledo03,Doc Miller,146,,146,146,0,0,0,0,0,0,0,3,143,146,,,
1911,PHI,NL,millehu01,Hughie Miller,1,,1,1,0,0,0,0,0,0,0,0,0,0,,,
1911,BRO,NL,milleot01,Otto Miller,25,,25,25,0,22,0,0,0,0,0,0,0,0,,,
1911,WS1,AL,millewa01,Warren Miller,21,,21,21,0,0,0,0,0,0,1,0,8,9,,,
1911,BRO,NL,millewa03,Walt Miller,3,,3,3,3,0,0,0,0,0,0,0,0,0,,,
1911,CLE,AL,millsja01,Jack Mills,13,,13,13,0,0,0,0,7,0,0,0,0,0,,,
1911,DET,AL,mitchcl01,Clarence Mitchell,5,,5,5,5,0,0,0,0,0,0,0,0,0,,,
1911,CIN,NL,mitchmi01,Mike Mitchell,142,,142,142,0,0,0,0,0,0,1,0,139,140,,,
1911,SLA,AL,mitchro01,Roy Mitchell,29,,29,29,28,0,0,0,0,0,0,0,0,0,,,
1911,CLE,AL,mitchwi01,Willie Mitchell,32,,32,32,30,0,0,0,0,0,0,0,0,0,,,
1911,CHA,AL,mogrige01,George Mogridge,4,,4,4,4,0,0,0,0,0,0,0,0,0,,,
1911,PHI,NL,mooreea01,Earl Moore,42,,42,42,42,0,0,0,0,0,0,0,0,0,,,
1911,PHI,NL,moranpa01,Pat Moran,34,,34,34,0,32,0,0,0,0,0,0,0,0,,,
1911,PHA,AL,morgacy01,Cy Morgan,38,,38,38,38,0,0,0,0,0,0,0,0,0,,,
1911,WS1,AL,morgara01,Ray Morgan,25,,25,25,0,0,0,0,25,0,0,0,0,0,,,
1911,DET,AL,moriage02,George Moriarty,130,,130,130,0,0,1,0,129,0,0,0,0,0,,,
1911,SLN,NL,morseha01,Hap Morse,4,,4,4,0,0,0,0,0,2,1,0,0,1,,,
1911,BOS,AL,moserwa01,Walter Moser,6,,6,6,6,0,0,0,0,0,0,0,0,0,,,
1911,SLA,AL,moserwa01,Walter Moser,2,,2,2,2,0,0,0,0,0,0,0,0,0,,,
1911,SLA,AL,moultal01,Allie Moulton,4,,4,4,0,0,0,4,0,0,0,0,0,0,,,
1911,SLN,NL,mowremi01,Mike Mowrey,137,,137,137,0,0,0,0,134,1,0,0,0,0,,,
1911,CHA,AL,mullech01,Charlie Mullen,20,,20,20,0,0,20,0,0,0,0,0,0,0,,,
1911,DET,AL,mullige01,George Mullin,40,,40,40,30,0,0,0,0,0,0,0,0,0,,,
1911,PHA,AL,murphda02,Danny Murphy,141,,141,141,0,0,0,4,0,0,0,0,136,136,,,
1911,SLA,AL,murraji01,Jim Murray,31,,31,31,0,0,0,0,0,0,0,1,24,25,,,
1911,NY1,NL,murrare01,Red Murray,140,,140,140,0,0,0,0,0,0,50,2,83,131,,,
1911,SLA,AL,myersha01,Hap Myers,11,,11,11,0,0,11,0,0,0,0,0,0,0,,,
1911,BOS,AL,myersha01,Hap Myers,13,,13,13,0,0,12,0,0,0,0,0,0,0,,,
1911,BRO,NL,myershy01,Hi Myers,13,,13,13,0,0,0,0,0,0,0,12,1,13,,,
1911,PIT,NL,nagleju01,Judge Nagle,8,,8,8,8,0,0,0,0,0,0,0,0,0,,,
1911,BOS,AL,nagleju01,Judge Nagle,5,,5,5,5,0,0,0,0,0,0,0,0,0,,,
1911,CHN,NL,needhto01,Tom Needham,27,,27,27,0,23,0,0,0,0,0,0,0,0,,,
1911,SLA,AL,nelsore01,Red Nelson,16,,16,16,16,0,0,0,0,0,0,0,0,0,,,
1911,SLA,AL,newnapa01,Pat Newnam,20,,20,20,0,0,20,0,0,0,0,0,0,0,,,
1911,BRO,NL,northhu01,Hub Northen,19,,19,19,0,0,0,0,0,0,0,19,0,19,,,
1911,CIN,NL,northhu01,Hub Northen,1,,1,1,0,0,0,0,0,0,0,0,0,0,,,
1911,BOS,AL,nunamle01,Les Nunamaker,62,,62,62,0,59,0,0,0,0,0,0,0,0,,,
1911,SLN,NL,oakesre01,Rebel Oakes,154,,154,154,0,0,0,0,0,0,1,150,0,151,,,
1911,BOS,AL,obriebu01,Buck O'Brien,6,,6,6,6,0,0,0,0,0,0,0,0,0,,,
1911,PHA,AL,oldriru01,Rube Oldring,121,,121,121,0,0,0,0,0,0,0,119,0,119,,,
1911,DET,AL,olearch01,Charley O'Leary,74,,74,74,0,0,0,67,6,0,0,0,0,0,,,
1911,CHA,AL,olmstfr01,Fred Olmstead,25,,25,25,25,0,0,0,0,0,0,0,0,0,,,
1911,CLE,AL,olsoniv01,Ivy Olson,140,,140,140,0,0,0,0,1,139,0,0,0,0,,,
1911,CLE,AL,oneilst01,Steve O'Neill,9,,9,9,0,9,0,0,0,0,0,0,0,0,,,
1911,PIT,NL,otoolma01,Marty O'Toole,5,,5,5,5,0,0,0,0,0,0,0,0,0,,,
1911,CHN,NL,ovitzer01,Ernie Ovitz,1,,1,1,1,0,0,0,0,0,0,0,0,0,,,
1911,CLE,AL,paigepa01,Pat Paige,2,,2,2,2,0,0,0,0,0,0,0,0,0,,,
1911,CHA,AL,parenfr01,Freddy Parent,3,,3,3,0,0,0,3,0,0,0,0,0,0,,,
1911,BSN,NL,parsoji01,Jiggs Parson,7,,7,7,7,0,0,0,0,0,0,0,0,0,,,
1911,PHI,NL,paskedo01,Dode Paskert,153,,153,153,0,0,0,0,0,0,2,146,7,153,,,
1911,NY1,NL,paulege01,Gene Paulette,10,,10,10,0,0,7,0,1,1,0,0,0,0,,,
1911,CHA,AL,paynefr01,Fred Payne,66,,66,66,0,56,0,0,0,0,0,0,0,0,,,
1911,SLA,AL,peltyba01,Barney Pelty,29,,29,29,28,0,0,1,0,0,0,0,0,0,,,
1911,BSN,NL,perduhu01,Hub Perdue,24,,24,24,24,0,0,0,0,0,0,0,0,0,,,
1911,BSN,NL,pfeffbi01,Big Jeff Pfeffer,33,,33,33,26,0,1,0,0,0,0,3,0,3,,,
1911,SLA,AL,pfeffje01,Jeff Pfeffer,2,,2,2,2,0,0,0,0,0,0,0,0,0,,,
1911,CHN,NL,pfiesja01,Jack Pfiester,6,,6,6,6,0,0,0,0,0,0,0,0,0,,,
1911,PIT,NL,phillde01,Deacon Phillippe,3,,3,3,3,0,0,0,0,0,0,0,0,0,,,
1911,PHA,AL,planked01,Eddie Plank,40,,40,40,40,0,0,0,0,0,0,0,0,0,,,
1911,SLA,AL,powelja01,Jack Powell,32,,32,32,31,0,0,0,0,0,0,0,0,0,,,
1911,NYA,AL,priesjo01,Johnny Priest,8,,8,8,0,0,0,5,2,0,0,0,0,0,,,
1911,PHI,NL,pucketr01,Troy Puckett,1,,1,1,1,0,0,0,0,0,0,0,0,0,,,
1911,BOS,AL,purtebi01,Billy Purtell,27,,27,27,0,0,0,3,15,3,0,1,0,1,,,
1911,NYA,AL,quinnja01,Jack Quinn,40,,40,40,40,0,0,0,0,0,0,0,0,0,,,
1911,PHI,NL,quinnjo03,John Quinn,1,,1,1,0,1,0,0,0,0,0,0,0,0,,,
1911,SLN,NL,radebro01,Roy Radebaugh,2,,2,2,2,0,0,0,0,0,0,0,0,0,,,
1911,BRO,NL,raganpa01,Pat Ragan,22,,22,22,22,0,0,0,0,0,0,0,0,0,,,
1911,BSN,NL,raridbi01,Bill Rariden,70,,70,70,0,65,0,1,3,0,0,0,0,0,,,
1911,NY1,NL,raymobu01,Bugs Raymond,17,,17,17,17,0,0,0,0,0,0,0,0,0,,,
1911,CLE,AL,reisibu01,Bugs Reisigl,2,,2,2,2,0,0,0,0,0,0,0,0,0,,,
1911,CHN,NL,reulbed01,Ed Reulbach,33,,33,33,33,0,0,0,0,0,0,0,0,0,,,
1911,CHN,NL,richile01,Lew Richie,36,,36,36,36,0,0,0,0,0,0,0,0,0,,,
1911,CHN,NL,richtre01,Reggie Richter,22,,22,22,22,0,0,0,0,0,0,0,0,0,,,
1911,BOS,AL,riggejo01,Joe Riggert,50,,50,50,0,0,0,0,0,0,21,11,6,39,,,
1911,NYA,AL,roachro01,Roxey Roach,13,,13,13,0,0,0,5,0,8,0,0,0,0,,,
1911,PIT,NL,robinha01,Hank Robinson,5,,5,5,5,0,0,0,0,0,0,0,0,0,,,
1911,SLA,AL,rowanda01,Dave Rowan,18,,18,18,0,0,18,0,0,0,0,0,0,0,,,
1911,CHN,NL,rowanja01,Jack Rowan,1,,1,1,1,0,0,0,0,0,0,0,0,0,,,
1911,PHI,NL,rowanja01,Jack Rowan,12,,12,12,12,0,0,0,0,0,0,0,0,0,,,
1911,BRO,NL,ruckena01,Nap Rucker,48,,48,48,48,0,0,0,0,0,0,0,0,0,,,
1911,NY1,NL,rudoldi01,Dick Rudolph,1,,1,1,1,0,0,0,0,0,0,0,0,0,,,
1911,PHA,AL,russele01,Lefty Russell,7,,7,7,7,0,0,0,0,0,0,0,0,0,,,
1911,CHN,NL,saiervi01,Vic Saier,86,,86,86,0,0,73,0,0,0,0,0,0,0,,,
1911,SLN,NL,sallesl01,Slim Sallee,36,,36,36,36,0,0,0,0,0,0,0,0,0,,,
1911,BRO,NL,scanldo01,Doc Scanlan,22,,22,22,22,0,0,0,0,0,0,0,0,0,,,
1911,WS1,AL,schaege01,Germany Schaefer,125,,125,125,0,0,108,0,0,0,7,0,0,7,,,
1911,DET,AL,schalbi01,Biff Schaller,40,,40,40,0,0,1,0,0,0,7,9,0,16,,,
1911,BRO,NL,scharbi01,Bill Schardt,39,,39,39,39,0,0,0,0,0,0,0,0,0,,,
1911,NY1,NL,schlead01,Admiral Schlei,1,,1,1,0,0,0,0,0,0,0,0,0,0,,,
1911,DET,AL,schmibo01,Boss Schmidt,28,,28,28,0,9,0,0,0,0,0,0,1,1,,,
1911,CIN,NL,schreba01,Barney Schreiber,3,,3,3,3,0,0,0,0,0,0,0,0,0,,,
1911,CHN,NL,schulfr01,Frank Schulte,154,,154,154,0,0,0,0,0,0,0,0,154,154,,,
1911,SLA,AL,schweal01,Al Schweitzer,76,,76,76,0,0,0,0,0,0,9,8,51,68,,,
1911,CHA,AL,scottji01,Jim Scott,39,,39,39,39,0,0,0,0,0,0,0,0,0,,,
1911,CIN,NL,severha01,Hank Severeid,37,,37,37,0,22,0,0,0,0,0,0,0,0,,,
1911,CHN,NL,sheanda01,Dave Shean,54,,54,54,0,0,0,23,1,19,0,0,0,0,,,
1911,CHN,NL,sheckji01,Jimmy Sheckard,156,,156,156,0,0,0,0,0,0,156,0,0,156,,,
1911,WS1,AL,sherrfr01,Fred Sherry,10,,10,10,10,0,0,0,0,0,0,0,0,0,,,
1911,SLA,AL,shottbu01,Burt Shotton,139,,139,139,0,0,0,0,0,0,18,121,0,139,,,
1911,PIT,NL,shovljo01,John Shovlin,2,,2,2,0,0,0,0,0,0,0,0,0,0,,,
1911,PHI,NL,shultto01,Toots Shultz,5,,5,5,5,0,0,0,0,0,0,0,0,0,,,
1911,PIT,NL,simonmi01,Mike Simon,71,,71,71,0,68,0,0,0,0,0,0,0,0,,,
1911,CHN,NL,slapncy01,Cy Slapnicka,3,,3,3,3,0,0,0,0,0,0,0,0,0,,,
1911,WS1,AL,smithbu01,Bull Smith,1,,1,1,0,0,0,0,0,0,0,0,0,0,,,
1911,BOS,AL,smithch02,Charlie Smith,1,,1,1,1,0,0,0,0,0,0,0,0,0,,,
1911,CHN,NL,smithch02,Charlie Smith,7,,7,7,7,0,0,0,0,0,0,0,0,0,,,
1911,CIN,NL,smithfr03,Frank Smith,35,,35,35,34,0,0,0,0,0,0,0,0,0,,,
1911,BOS,AL,smithfr03,Frank Smith,1,,1,1,1,0,0,0,0,0,0,0,0,0,,,
1911,PHI,NL,smithja01,Jake Smith,2,,2,2,2,0,0,0,0,0,0,0,0,0,,,
1911,BRO,NL,smithre02,Red Smith,28,,28,28,0,0,0,0,28,0,0,0,0,0,,,
1911,PIT,NL,smithsh01,Sherry Smith,1,,1,1,1,0,0,0,0,0,0,0,0,0,,,
1911,CLE,AL,smithsy01,Syd Smith,58,,58,58,0,48,1,0,1,0,0,0,0,0,,,
1911,BRO,NL,smithto03,Tony Smith,13,,13,13,0,0,0,3,0,10,0,0,0,0,,,
1911,SLN,NL,smithwa01,Wally Smith,81,,81,81,0,0,0,8,26,25,0,1,0,1,,,
1911,NY1,NL,snodgfr01,Fred Snodgrass,151,,151,151,0,0,1,0,1,0,1,149,0,149,,,
1911,WS1,AL,somerjo01,Jock Somerlott,13,,13,13,0,0,12,0,0,0,0,0,0,0,,,
1911,SLA,AL,southcl01,Clyde Southwick,4,,4,4,0,4,0,0,0,0,0,0,0,0,,,
1911,BOS,AL,speaktr01,Tris Speaker,141,,141,141,0,0,0,0,0,0,0,138,0,138,,,
1911,PHI,NL,spenctu01,Tubby Spencer,11,,11,11,0,11,0,0,0,0,0,0,0,0,,,
1911,BSN,NL,spratha01,Harry Spratt,62,,62,62,0,0,0,5,4,26,0,3,1,4,,,
1911,PHI,NL,stacked01,Eddie Stack,13,,13,13,13,0,0,0,0,0,0,0,0,0,,,
1911,DET,AL,stanaos01,Oscar Stanage,141,,141,141,0,141,0,0,0,0,0,0,0,0,,,
1911,SLN,NL,standpe01,Pete Standridge,2,,2,2,2,0,0,0,0,0,0,0,0,0,,,
1911,PHI,NL,stanlbu01,Buck Stanley,4,,4,4,4,0,0,0,0,0,0,0,0,0,,,
1911,BRO,NL,starkdo01,Dolly Stark,70,,70,70,0,0,0,18,3,34,0,0,0,0,,,
1911,SLN,NL,steelbi01,Bill Steele,43,,43,43,43,0,0,0,0,0,0,0,0,0,,,
1911,PIT,NL,steelel01,Elmer Steele,31,,31,31,31,0,0,0,0,0,0,0,0,0,,,
1911,BRO,NL,steelel01,Elmer Steele,5,,5,5,5,0,0,0,0,0,0,0,0,0,,,
1911,BSN,NL,steinha01,Harry Steinfeldt,19,,19,19,0,0,0,0,19,0,0,0,0,0,,,
1911,SLA,AL,stephji01,Jim Stephens,70,,70,70,0,66,0,0,0,0,0,0,0,0,,,
1911,CLE,AL,stovage01,George Stovall,126,,126,126,0,0,118,2,0,0,0,0,0,0,,,
1911,WS1,AL,streega01,Gabby Street,72,,72,72,0,71,0,0,0,0,0,0,0,0,,,
1911,PHA,AL,strunam01,Amos Strunk,74,,74,74,0,0,2,0,0,0,19,43,0,62,,,
1911,CIN,NL,suggsge01,George Suggs,36,,36,36,36,0,0,0,0,0,0,0,0,0,,,
1911,CHA,AL,sullibi03,Billy Sullivan,89,,89,89,0,89,0,0,0,0,0,0,0,0,,,
1911,DET,AL,summeed01,Ed Summers,30,,30,30,30,0,0,0,0,0,0,0,0,0,,,
1911,BSN,NL,sweenbi02,Bill Sweeney,137,,137,137,0,0,0,136,0,0,0,0,0,0,,,
1911,NYA,AL,sweened01,Jeff Sweeney,83,,83,83,0,83,0,0,0,0,0,0,0,0,,,
1911,CLE,AL,swindjo01,Josh Swindell,4,,4,4,4,0,0,0,0,0,0,0,0,0,,,
1911,CIN,NL,tanneje01,Jesse Tannehill,1,,1,1,1,0,0,0,0,0,0,0,0,0,,,
1911,CHA,AL,tannele01,Lee Tannehill,141,,141,141,0,0,5,27,7,102,0,0,0,0,,,
1911,DET,AL,taylowi01,Wiley Taylor,3,,3,3,3,0,0,0,0,0,0,0,0,0,,,
1911,BSN,NL,tennefr02,Fred Tenney,102,,102,102,0,0,96,0,0,0,0,1,1,2,,,
1911,BOS,AL,thomabl01,Blaine Thomas,2,,2,2,2,0,0,0,0,0,0,0,0,0,,,
1911,PHA,AL,thomair01,Ira Thomas,103,,103,103,0,103,0,0,0,0,0,0,0,0,,,
1911,PHI,NL,thomaro01,Roy Thomas,21,,21,21,0,0,0,0,0,0,0,0,11,11,,,
1911,BSN,NL,thompfu01,Fuller Thompson,3,,3,3,3,0,0,0,0,0,0,0,0,0,,,
1911,BOS,AL,thoneja01,Jack Thoney,26,,26,26,0,0,0,0,0,0,0,0,0,0,,,
1911,CHN,NL,tinkejo01,Joe Tinker,144,,144,144,0,0,0,0,0,143,0,0,0,0,,,
1911,PHI,NL,titusjo01,John Titus,76,,76,76,0,0,0,0,0,0,1,0,59,60,,,
1911,CHN,NL,toneyfr01,Fred Toney,18,,18,18,18,0,0,0,0,0,0,0,0,0,,,
1911,BOS,AL,tonneto01,Tony Tonneman,2,,2,2,0,2,0,0,0,0,0,0,0,0,,,
1911,BRO,NL,toolebe01,Bert Tooley,119,,119,119,0,0,0,0,0,114,0,0,0,0,,,
1911,SLA,AL,truesfr01,Frank Truesdale,1,,1,1,0,0,0,0,0,0,0,0,0,0,,,
1911,CLE,AL,turnete01,Terry Turner,117,,117,117,0,0,0,14,94,10,0,0,0,0,,,
1911,DET,AL,tutwigu01,Guy Tutwiler,13,,13,13,0,0,0,6,0,0,3,0,0,3,,,
1911,BSN,NL,tylerle01,Lefty Tyler,28,,28,28,28,0,0,0,0,0,0,0,0,0,,,
1911,NYA,AL,vaughhi01,Hippo Vaughn,26,,26,26,26,0,0,0,0,0,0,0,0,0,,,
1911,BOS,AL,wagnehe01,Heinie Wagner,80,,80,80,0,0,0,40,0,32,0,0,0,0,,,
1911,PIT,NL,wagneho01,Honus Wagner,130,,130,130,0,0,28,0,0,101,0,1,0,1,,,
1911,WS1,AL,walkedi01,Dixie Walker,34,,34,34,32,0,0,0,0,0,0,0,0,0,,,
1911,WS1,AL,walketi01,Tillie Walker,95,,95,95,0,0,0,0,0,0,94,0,0,94,,,
1911,SLA,AL,wallabo01,Bobby Wallace,125,,125,125,0,0,0,1,0,124,0,0,0,0,,,
1911,CHA,AL,walshed01,Ed Walsh,63,,63,63,56,0,0,0,0,0,0,0,0,0,,,
1911,PHI,NL,walshji01,Jimmy Walsh,94,,94,94,1,4,1,14,7,9,22,2,25,48,,,
1911,NYA,AL,walshjo03,Joe Walsh,4,,4,4,0,4,0,0,0,0,0,0,0,0,,,
1911,NYA,AL,warhoja01,Jack Warhop,33,,33,33,31,0,0,1,0,0,0,0,0,0,,,
1911,CHN,NL,weaveor01,Orlie Weaver,6,,6,6,6,0,0,0,0,0,0,0,0,0,,,
1911,BSN,NL,weaveor01,Orlie Weaver,27,,27,27,27,0,0,0,0,0,0,0,0,0,,,
1911,BSN,NL,weedebe01,Bert Weeden,1,,1,1,0,0,0,0,0,0,0,0,0,0,,,
1911,PHI,NL,welchha01,Harry Welchonce,26,,26,26,0,0,0,0,0,0,1,6,11,17,,,
1911,BRO,NL,wheatza01,Zack Wheat,140,,140,140,0,0,0,0,0,0,135,1,0,136,,,
1911,CHA,AL,whitedo01,Doc White,39,,39,39,34,0,2,0,0,0,0,0,1,1,,,
1911,PIT,NL,whiteki01,Kirby White,2,,2,2,2,0,0,0,0,0,0,0,0,0,,,
1911,SLN,NL,wiliede01,Denney Wilie,28,,28,28,0,0,0,0,0,0,11,3,2,15,,,
1911,NYA,AL,wilkied01,Ed Wilkinson,10,,10,10,0,0,0,1,0,0,3,0,0,3,,,
1911,DET,AL,willeed01,Ed Willett,39,,39,39,38,0,0,0,0,0,0,0,0,0,,,
1911,NYA,AL,willibo01,Bob Williams,20,,20,20,0,20,0,0,0,0,0,0,0,0,,,
1911,SLA,AL,willigu02,Gus Williams,9,,9,9,0,0,0,0,0,0,7,0,0,7,,,
1911,SLN,NL,willijo01,Joe Willis,2,,2,2,2,0,0,0,0,0,0,0,0,0,,,
1911,SLA,AL,willijo01,Joe Willis,1,,1,1,1,0,0,0,0,0,0,0,0,0,,,
1911,BOS,AL,williri01,Rip Williams,95,,95,95,0,38,57,0,0,0,0,0,0,0,,,
1911,NY1,NL,wilsoar01,Art Wilson,66,,66,66,0,64,0,0,0,0,0,0,0,0,,,
1911,PIT,NL,wilsoch01,Chief Wilson,148,,148,148,0,0,0,0,0,0,0,2,145,146,,,
1911,BOS,AL,wilsole01,Les Wilson,5,,5,5,0,0,0,0,0,0,2,0,1,3,,,
1911,DET,AL,wilsosq01,Squanto Wilson,5,,5,5,0,5,0,0,0,0,0,0,0,0,,,
1911,NY1,NL,wiltsho01,Hooks Wiltse,31,,31,31,30,0,0,0,0,0,0,0,0,0,,,
1911,SLN,NL,wingoiv01,Ivey Wingo,25,,25,25,0,18,0,0,0,0,0,0,0,0,,,
1911,NYA,AL,wolteha01,Harry Wolter,122,,122,122,0,0,2,0,0,0,0,7,106,113,,,
1911,SLN,NL,woodbge01,Gene Woodburn,11,,11,11,11,0,0,0,0,0,0,0,0,0,,,
1911,DET,AL,worksra01,Ralph Works,30,,30,30,30,0,0,0,0,0,0,0,0,0,,,
1911,BOS,AL,yerkest02,Steve Yerkes,142,,142,142,0,0,0,14,11,116,0,0,0,0,,,
1911,CLE,AL,yinglea01,Earl Yingling,6,,6,6,4,0,0,0,0,0,0,1,0,1,,,
1911,BSN,NL,youngcy01,Cy Young,11,,11,11,11,0,0,0,0,0,0,0,0,0,,,
1911,CLE,AL,youngcy01,Cy Young,7,,7,7,7,0,0,0,0,0,0,0,0,0,,,
1911,BSN,NL,younghe02,Herman Young,9,,9,9,0,0,0,0,5,3,0,0,0,0,,,
1911,CHA,AL,youngir01,Irv Young,24,,24,24,24,0,0,0,0,0,0,0,0,0,,,
1911,SLN,NL,zackege01,George Zackert,4,,4,4,4,0,0,0,0,0,0,0,0,0,,,
1911,CHA,AL,zeidero01,Rollie Zeider,73,,73,73,0,0,29,9,10,17,0,0,0,0,,,
1911,BRO,NL,zimmeed01,Eddie Zimmerman,122,,122,122,0,0,0,0,122,0,0,0,0,0,,,
1911,CHN,NL,zimmehe01,Heinie Zimmerman,143,,143,143,0,0,11,108,20,0,0,0,0,0,,,
1911,SLN,NL,zmiched01,Ed Zmich,4,,4,4,4,0,0,0,0,0,0,0,0,0,,,
